m,kW/m2,m,kW/m2,kW
r,Q(r),z,Q(z),Qb
0.082,4.2094,-0.012,1.1229,0.1789
0.14,2.8058,0.101,1.5761,NaN
0.232,1.5632,0.277,2.1813,NaN
0.406,0.77161,0.543,2.0839,NaN
0.704,0.30903,0.905,0.84452,NaN
NaN,NaN,1.33,0.16161,NaN
NaN,NaN,1.809,0.025484,NaN
