Test,dD2dt
1,2.63E-08
2,2.07E-08
3,8.90E-09
4,7.10E-09
5,0.000000053
6,0.000000042
7,0.000000033
8,0.000000032
9,1.56E-08
