Time,HRRPUA
0.0,0.0
15.0,42.83479322802112
30.0,607.6677011885707
45.0,996.9047666915336
60.0,1355.4846331245706
75.0,1624.0547504414553
90.0,1590.4509545004385
105.0,963.9040697991383
120.0,73.0777219552891
135.0,7.83713133388443
150.0,1.1364566772120182
165.0,0.5669617397523867
180.0,0.033667617438519315
195.0,0.0
210.0,0.0
225.0,
240.0,
255.0,
