Time,HRRPUA
0.0,0.9963029122688805
15.0,5.738485070623173
30.0,499.54950628229625
45.0,109.21905757334667
60.0,46.521786548302124
75.0,34.14197426252909
90.0,26.924792990824788
105.0,20.638887876279068
120.0,16.448055080700385
135.0,13.356656260446615
150.0,9.51551511304899
165.0,7.81206940776335
180.0,5.678045100320116
195.0,4.410362458041962
210.0,4.956057791676508
225.0,3.680778134816574
240.0,2.475015040236833
255.0,
270.0,
285.0,
300.0,
315.0,
330.0,
345.0,
