Time,HRRPUA
0.0,2.6006824268052364
15.0,154.82996992055655
30.0,304.1807938429765
45.0,952.8730670094845
60.0,826.6409641035567
75.0,179.09894100155867
90.0,41.3949826237651
105.0,23.77342991132226
120.0,21.025379984682182
135.0,19.7654408527413
150.0,20.303196889512908
165.0,18.305683332041376
180.0,15.546547107866775
195.0,
210.0,
