Time,HRRPUA
0.0,1.964537969187435
15.0,3.4608987715942354
30.0,29.549059128022176
45.0,353.2686198366844
60.0,665.2530349268633
75.0,782.0689683918657
90.0,1092.3866542178548
105.0,1435.1381122194252
120.0,1699.5252300600885
135.0,1414.3363701128658
150.0,748.7794529526972
165.0,162.08648307142806
180.0,30.724511408991727
195.0,12.63373860947191
210.0,8.557707528620183
225.0,6.238785417077257
240.0,4.558325852364831
255.0,4.911564706338327
270.0,
285.0,
300.0,
315.0,
