Time,HRRPUA
0.0,3.28987143055989
15.0,369.4499178915451
30.0,241.6104235784729
45.0,72.86927920493162
60.0,62.515835246444944
75.0,53.067196443825765
90.0,39.68516372808573
105.0,26.322022295682647
120.0,17.01448476097529
135.0,10.821423858471249
150.0,8.059421771181393
165.0,6.288681466134818
180.0,4.567149987324306
195.0,3.899643782726636
210.0,3.665753538062642
225.0,
240.0,
255.0,
270.0,
