Time,HRRPUA
0.0,1.6201818633460399
15.0,0.26544322470612364
30.0,30.47395446347213
45.0,237.14919697037757
60.0,167.31830366648865
75.0,107.34970899427283
90.0,86.46180813024273
105.0,65.42557960274677
120.0,45.17308979857186
135.0,29.264080039383867
150.0,23.674846655165904
165.0,22.35986058731416
180.0,21.40438080563656
195.0,20.386535557289687
210.0,19.252311450628245
225.0,17.173373028504887
240.0,
255.0,
270.0,
