Time,HRRPUA
0.0,1.168652764359745
15.0,1.1314183783495702
30.0,158.40089188486775
45.0,686.8697706826011
60.0,857.4784673404118
75.0,977.6807686515264
90.0,1167.3548679428002
105.0,1353.2637522421492
120.0,1407.8081549096069
135.0,880.8977111787802
150.0,104.41593276446076
165.0,29.27059409145518
180.0,12.229846365843036
195.0,6.356183077846002
210.0,4.7621178043755785
225.0,4.0719596006193335
240.0,3.6703141028385033
255.0,
270.0,
