Time,HRRPUA
0.0,2.132775184330551
15.0,2.687907402659081
30.0,4.122617213241722
45.0,44.536221047355184
60.0,151.21493332655066
75.0,337.46609365851754
90.0,376.1259038739497
105.0,350.5065354257079
120.0,176.743720394863
135.0,7.528550459122967
150.0,0.0
165.0,0.0
180.0,0.0
195.0,0.0
210.0,0.0
225.0,
240.0,
255.0,
