Time,HRRPUA
0.0,2.307130508528791
15.0,2.806540678388361
30.0,0.0
45.0,0.0
60.0,0.0
75.0,0.0
90.0,0.0
105.0,0.4325930949428902
120.0,1.3142433550298778
135.0,13.315287068693786
150.0,160.01599875045176
165.0,235.5890317606811
180.0,218.55798344220625
195.0,193.03920267962008
210.0,169.6433549933772
225.0,152.88663460111715
240.0,140.66242788675484
255.0,130.36572418662755
270.0,123.62226383079174
285.0,118.47047226036636
300.0,115.39852209982773
315.0,110.39737913948625
330.0,106.53656702502072
345.0,102.84676562368638
360.0,100.03140334580598
375.0,98.71304760179446
390.0,96.37604630001012
405.0,94.13224585723913
420.0,93.3303285594135
435.0,92.24351316657864
450.0,90.19609156403585
465.0,89.85562406816486
480.0,89.32347328606538
495.0,87.6705669651579
510.0,86.85990462018604
525.0,86.01097985783302
540.0,85.71663027519872
555.0,84.9325032892861
570.0,83.49796243889881
585.0,81.9442972881457
600.0,81.05249277721265
615.0,79.8870384396288
630.0,78.7725292812995
645.0,78.33430071167112
660.0,77.2654374125586
675.0,76.44921996682093
690.0,75.62849360770697
705.0,75.08380610733549
720.0,73.90998386625326
735.0,73.19218965094956
750.0,72.47510415555469
765.0,72.14727419501868
780.0,72.1895065773971
795.0,71.84625553580763
810.0,72.72018280835304
825.0,73.39990039205657
840.0,74.05877289510006
855.0,76.15270998609896
870.0,77.20048264599832
885.0,78.41620796787605
900.0,81.29929025195794
915.0,82.42816259530039
930.0,84.44601383295385
945.0,87.9962727903705
960.0,90.51529363629864
975.0,92.7288975079615
990.0,97.35144391270636
1005.0,100.32218104569402
1020.0,104.98849374937605
1035.0,109.65205182635123
1050.0,116.12649409080827
1065.0,123.50145977983844
1080.0,132.56835607572995
1095.0,143.05333387380188
1110.0,154.6365096776326
1125.0,165.24201081678805
1140.0,177.4300178591685
1155.0,190.08929933382925
1170.0,200.22696391421644
1185.0,212.99040953258722
1200.0,225.80797676977045
1215.0,237.36465493559868
1230.0,244.89074250295437
1245.0,247.69995454020065
1260.0,235.5795181848974
1275.0,204.28139201825957
1290.0,156.22791816748182
1305.0,118.3953980685949
1320.0,99.73618456962366
1335.0,85.53570935940895
1350.0,77.79539951754533
1365.0,72.12415149896326
1380.0,70.4573490335331
1395.0,69.26157708465958
1410.0,66.61839359439149
1425.0,63.15081342934517
1440.0,61.505818385163856
1455.0,55.88612580632137
1470.0,37.851374741892904
1485.0,35.06600439018466
1500.0,33.43849952361288
1515.0,32.540896931465845
1530.0,
1545.0,
1560.0,
1575.0,
1590.0,
1605.0,
