Time,HRRPUA
0.0,7.807162565770613
15.0,161.4814526555388
30.0,187.90490441925135
45.0,147.06396968730584
60.0,51.10180003935515
75.0,34.581024423494284
90.0,29.057501039224633
105.0,24.21717152602662
120.0,19.423777455423764
135.0,12.163476884942467
150.0,5.357990423460485
165.0,
180.0,
195.0,
