Time,HRRPUA
0.0,0.23841140601066835
15.0,2.8942621325626163
30.0,4.776418570802358
45.0,3.9717600299342286
60.0,17.36566923551431
75.0,136.76771236041336
90.0,4.179459430043785
105.0,1.6167384350123264
120.0,0.0
135.0,3.2444425487119584
150.0,0.0
165.0,0.0
180.0,0.0
195.0,
210.0,
