Time,HRRPUA
0.0,4.966650255730689
15.0,481.2479427798694
30.0,433.6785926933964
45.0,182.08190198349362
60.0,46.602413691769385
75.0,27.722044775669087
90.0,25.55443574364411
105.0,23.69364741841642
120.0,21.47697373262811
135.0,19.387648047238006
150.0,15.831239726467368
165.0,
180.0,
195.0,
