Time,HRRPUA
0.0,1.3123395180484279
15.0,0.7785289836370155
30.0,161.19415679894146
45.0,280.2946994162478
60.0,263.99603491019496
75.0,215.1709078968851
90.0,116.58550697562426
105.0,54.460905088624266
120.0,19.875963138175326
135.0,10.827302796828482
150.0,6.475718112131754
165.0,4.844218182119083
180.0,3.737267300943588
195.0,3.142740280323435
210.0,
225.0,
240.0,
255.0,
