Time,HRRPUA
0.0,3.3502616749450396
15.0,1.347479283878207
30.0,2.0257353854745763
45.0,0.6895207558141497
60.0,0.0
75.0,0.0
90.0,32.619390464613296
105.0,72.20233650135559
120.0,106.56734827531267
135.0,199.03251120937125
150.0,169.19069712823338
165.0,194.3608042932965
180.0,188.55862360313566
195.0,172.47781433275884
210.0,153.133185512423
225.0,134.76870049574362
240.0,124.8725102919002
255.0,117.90360454586738
270.0,112.27842854467058
285.0,105.62731852454546
300.0,100.80458004797202
315.0,95.52382222530332
330.0,90.66270963323656
345.0,86.7204626866889
360.0,81.85875467413081
375.0,75.79495448752054
390.0,70.27137648191895
405.0,66.71601395529035
420.0,63.155789002591796
435.0,60.50865360577408
450.0,58.68495988010768
465.0,58.13665494332787
480.0,57.71964914516432
495.0,57.770867903880934
510.0,57.8268247804931
525.0,57.61782035017205
540.0,58.4461452315297
555.0,59.47181803959071
570.0,60.497560901966864
585.0,62.21464843678407
600.0,63.645863046798745
615.0,66.29911816159459
630.0,68.7268150766922
645.0,70.20659799352117
660.0,72.59497960246352
675.0,74.24238051031709
690.0,76.39826780990215
705.0,78.95416885720346
720.0,81.64321764450078
735.0,84.72037977293748
750.0,88.31246478859894
765.0,91.55998132236554
780.0,95.45486211003042
795.0,101.32157106106244
810.0,107.66702443174104
825.0,115.10935530690989
840.0,122.48275339161744
855.0,129.54156443912765
870.0,138.24818731847756
885.0,147.72675252950737
900.0,157.5885087976748
915.0,167.67976012741494
930.0,177.58227295694715
945.0,185.40161765448497
960.0,190.33500920891288
975.0,191.86521625755492
990.0,193.70323481028356
1005.0,191.70946660775257
1020.0,190.24885086054732
1035.0,186.1927412472742
1050.0,182.96696469071262
1065.0,177.5709554774155
1080.0,166.7744176727522
1095.0,148.2867325763368
1110.0,116.86996976173022
1125.0,87.87017860560603
1140.0,67.57962254802952
1155.0,58.69747961444259
1170.0,55.96014368537414
1185.0,52.7965468494756
1200.0,49.93676240907664
1215.0,48.96483322436219
1230.0,48.031826134990496
1245.0,46.46244513677248
1260.0,45.09483982736833
1275.0,43.32011918939684
1290.0,43.691203501398206
1305.0,41.44993781006495
1320.0,
1335.0,
1350.0,
1365.0,
1380.0,
1395.0,
