Time,HRRPUA
0.0,0.0
68.89399999999999,0.0
70.3,110.8
76.1695652173913,292.5
82.0391304347826,391.4
87.90869565217392,503.3
93.77826086956522,626.1
99.64782608695651,736.4
105.51739130434783,861.9
111.38695652173914,994.8
117.25652173913043,1113.0
123.12608695652173,1218.8
128.99565217391304,1359.6
134.86521739130433,1526.5
140.73478260869564,1721.2
146.60434782608695,1877.8
152.47391304347826,2051.8
158.34347826086957,2036.2
164.2130434782609,1857.8
170.0826086956522,1613.2
175.95217391304348,1497.0
181.82173913043476,1173.1
187.69130434782608,719.5
193.5608695652174,353.4
199.4304347826087,176.1
205.3,108.3
211.16956521739132,83.4
217.03913043478263,71.7
222.90869565217395,63.2
228.7782608695652,56.7
234.6478260869565,49.7
240.51739130434783,44.3
246.38695652173914,40.9
252.25652173913045,35.6
258.12608695652176,30.7
263.9956521739131,27.2
269.8652173913044,25.1
275.73478260869564,17.0
281.60434782608695,7.0
287.47391304347826,6.0
293.3434782608696,5.1
299.2130434782609,0.1
305.0826086956522,0.9
310.9521739130435,0.2
316.8217391304348,0.0
322.6913043478261,0.0
328.5608695652174,0.0
334.4304347826087,0.0
340.3,0.0
346.1695652173913,0.0
352.03913043478263,0.0
357.90869565217395,0.0
363.77826086956526,0.0
369.64782608695657,0.0
375.5173913043479,0.0
381.38695652173914,0.0
387.25652173913045,0.0
393.12608695652176,0.0
398.9956521739131,0.0
404.8652173913044,0.0
410.7347826086957,0.0
416.604347826087,0.0
422.47391304347826,0.0
428.3434782608696,0.0
434.2130434782609,0.0
440.0826086956522,0.0
445.9521739130435,0.0
451.8217391304348,0.0
457.69130434782613,0.0
463.56086956521744,0.0
469.43043478260876,0.0
475.3,0.0
