Time,HRRPUA
0.0,0.0
15.0,2.0433360424010423
30.0,27.919347842424894
45.0,60.55351554212797
60.0,62.10548396155915
75.0,57.09593796773305
90.0,49.20811996482974
105.0,43.83651002518034
120.0,37.39622954433807
135.0,31.69085184515085
150.0,26.76548524768057
165.0,25.784629936193028
180.0,26.990589998416898
195.0,26.19581002269834
210.0,24.468876660806202
225.0,23.098375462519076
240.0,
255.0,
270.0,
