Time,HRRPUA
0.0,2.5778102230620945
15.0,18.1884758956766
30.0,295.65143579915883
45.0,280.7742635953869
60.0,219.8596058022555
75.0,189.00705330337436
90.0,173.65533768848886
105.0,157.95893010231543
120.0,143.38245327973632
135.0,138.04302340642278
150.0,149.8011942949943
165.0,151.96027733186028
180.0,141.58649120810242
195.0,130.78143734259905
210.0,121.4947894144841
225.0,104.81513477188356
240.0,95.34262917853464
255.0,87.13657973743159
270.0,81.25809286134943
285.0,75.36474698556803
300.0,68.08942024656521
315.0,60.23687678764335
330.0,48.94807832796573
345.0,39.01680322996006
360.0,30.358941256721483
375.0,23.643505437202013
390.0,20.204806635552654
405.0,17.120699901737698
420.0,15.922622083902576
435.0,
450.0,
465.0,
480.0,
495.0,
