Time,HRRPUA
0.0,5.807575175943062
15.0,94.16718103772548
30.0,437.5957858362067
45.0,570.3336752761892
60.0,394.2203081684251
75.0,44.65594819621017
90.0,1.5752498709074205
105.0,0.0
120.0,0.0
135.0,0.0
150.0,0.0
165.0,
180.0,
195.0,
