Time,HRRPUA
0.0,1.4295683649334128
15.0,0.0
30.0,0.0
45.0,109.66841151968936
60.0,313.2351940067917
75.0,81.06284690598474
90.0,30.55504572965566
105.0,17.86916650096133
120.0,11.991043883682591
135.0,8.03888861612001
150.0,5.812303311399918
165.0,4.313547456005073
180.0,3.2371839905096818
195.0,2.200375057807916
210.0,1.8364750224827056
225.0,
240.0,
