Time,HRRPUA
0.0,38.9742845561328
15.0,487.42987388621344
30.0,1093.9758413472343
45.0,1508.0455137690515
60.0,140.76026446479784
75.0,37.957340091322095
90.0,23.022861892145666
105.0,10.904319798079683
120.0,4.336933835069899
135.0,1.466434409454159
150.0,0.5691453463469265
165.0,
180.0,
