Time,HRRPUA
0.0,1.0562521736814041
15.0,1.7091035163166477
30.0,6.40029768062598
45.0,86.75540128368304
60.0,65.08754926837479
75.0,31.07358095621318
90.0,18.60544912942674
105.0,11.424453989329281
120.0,4.191961396746951
135.0,0.34443703469812065
150.0,0.024595262416173675
165.0,
180.0,
195.0,
