Time,HRRPUA
0.0,65.03048640650394
15.0,204.09634632701193
30.0,175.38168684330608
45.0,71.65557089222146
60.0,32.55613528474961
75.0,28.54149069770155
90.0,24.529590991023397
105.0,20.59755215569723
120.0,16.794527453031083
135.0,11.704770050116323
150.0,4.314291864504368
165.0,
180.0,
