Time,HRRPUA
0.0,1.199466937288943
15.0,0.4240497739715627
30.0,39.16361923855982
45.0,280.84366831918504
60.0,276.9275979728765
75.0,231.52909527997932
90.0,202.3309932566772
105.0,182.55556928816554
120.0,169.8437843535435
135.0,161.0797078696362
150.0,155.24099146677793
165.0,149.860579180757
180.0,144.25329039189077
195.0,139.90696393194858
210.0,135.66087197237823
225.0,132.01649858279217
240.0,128.7987900857532
255.0,125.93379049208808
270.0,123.27368142682911
285.0,120.37113747260757
300.0,118.17516400054717
315.0,116.89838489357446
330.0,114.88980324411904
345.0,113.12739999210352
360.0,112.42337265183862
375.0,112.57795604796293
390.0,111.33898856105655
405.0,111.17326737187284
420.0,112.01663405584519
435.0,111.73788042828816
450.0,111.97522233815113
465.0,112.57471025063779
480.0,114.41467627352851
495.0,116.02397245365755
510.0,117.70518689049361
525.0,120.19433691836134
540.0,122.43271452142663
555.0,125.8057697597843
570.0,128.65627769955094
585.0,132.3976111129257
600.0,134.95064071537635
615.0,139.7690861923081
630.0,143.7785236820748
645.0,147.05224744015788
660.0,154.14145751727082
675.0,158.72679637611387
690.0,165.4877270649466
705.0,171.26275151088612
720.0,178.81359366585207
735.0,184.56800028013268
750.0,190.8256358070917
765.0,197.0354787544026
780.0,200.70169486222474
795.0,202.34744715060484
810.0,200.5580973851272
825.0,198.42554809192245
840.0,192.01118828907127
855.0,186.3511959762619
870.0,180.09116895538855
885.0,175.1146095763662
900.0,169.08981826439341
915.0,160.791203465537
930.0,149.9693443947315
945.0,138.2280226303374
960.0,123.92926123135749
975.0,111.61454015901784
990.0,99.10102409309555
1005.0,87.25656890066983
1020.0,74.47764582676581
1035.0,63.365041443407826
1050.0,55.885157564191125
1065.0,49.91979774729464
1080.0,45.543390370925586
1095.0,44.45498460291861
1110.0,43.621184570392785
1125.0,44.0379465974909
1140.0,43.63562587653408
1155.0,41.551996482163794
1170.0,40.18634848268595
1185.0,39.938488339433725
1200.0,39.14723971489213
1215.0,39.383177822039336
1230.0,
1245.0,
1260.0,
1275.0,
1290.0,
1305.0,
1320.0,
1335.0,
1350.0,
1365.0,
