Time,HRRPUA
0.0,8.366634037691123
15.0,66.67929259123449
30.0,203.04414334761773
45.0,331.09312197012486
60.0,699.7273974412259
75.0,682.8429751137478
90.0,399.53474571864916
105.0,128.75846575106718
120.0,73.48554410838446
135.0,26.048880640638902
150.0,23.053844136926575
165.0,23.063290690766205
180.0,23.442477249718667
195.0,24.494977013279566
210.0,25.031346408581324
225.0,
240.0,
255.0,
