Time,HRRPUA
0.0,2.8915256389615873
15.0,2.3124960947788424
30.0,3.1605086068708625
45.0,40.870318341862706
60.0,164.7848724868629
75.0,392.8916256662096
90.0,738.5341093685229
105.0,1192.2238583193114
120.0,1803.1222607592417
135.0,2071.0211159455816
150.0,1930.0708484868144
165.0,1173.7760067835063
180.0,196.7680903555241
195.0,22.713894657756466
210.0,7.08959304946547
225.0,4.126164355601798
240.0,6.036785568634258
255.0,4.2213517404073775
270.0,2.7072799764947963
285.0,
300.0,
315.0,
