Time,HRRPUA
0.0,0.0
15.0,0.0
30.0,0.0
45.0,0.0
60.0,0.0
75.0,0.0
90.0,0.0
105.0,0.0
120.0,0.0
135.0,37.96639287531824
150.0,168.7848771404284
165.0,160.20007899046968
180.0,149.4292671930218
195.0,140.86119735718682
210.0,135.63341249177043
225.0,132.75930314769923
240.0,125.56446417378498
255.0,115.38167249306292
270.0,103.13341962652521
285.0,91.56149653774806
300.0,82.80006963748453
315.0,74.99523384854848
330.0,70.80385796959247
345.0,68.91514298438085
360.0,68.66659310334511
375.0,70.76034648844153
390.0,75.75236413325165
405.0,85.57027726439141
420.0,100.28220705577225
435.0,115.56700721551078
450.0,129.32219150961052
465.0,138.67416569367495
480.0,148.23695673628572
495.0,155.14497359592565
510.0,162.95183988256122
525.0,183.71249838865992
540.0,230.034422092034
555.0,268.8339938226606
570.0,271.73633781583754
585.0,276.157268975921
600.0,250.965897191694
615.0,201.97380937502157
630.0,139.3538461129196
645.0,97.1814769481815
660.0,69.57890812976639
675.0,50.26646470499591
690.0,36.831750439503196
705.0,28.920044940990937
720.0,24.10601312893617
735.0,20.13994554605912
750.0,19.706669636747502
765.0,19.41455667563213
780.0,19.587370559506823
795.0,20.060677416139225
810.0,20.443962734657365
825.0,
840.0,
855.0,
870.0,
