Time,HRRPUA
0.0,2.7785691200683686
15.0,16.769186958026566
30.0,140.67154016255927
45.0,41.39658069430234
60.0,25.985713220597592
75.0,18.6374941178204
90.0,7.730353716454104
105.0,1.9105551313189917
120.0,0.5728225056275884
135.0,0.25429873217783866
150.0,
165.0,
