Time,HRRPUA
0.0,1.5604719875055262
15.0,2.2607233436204095
30.0,3.1820596855955086
45.0,345.18782920567634
60.0,687.606010737552
75.0,896.9948766151692
90.0,1102.5063063368486
105.0,1228.9319325633594
120.0,1286.2751330485055
135.0,1098.5197320970558
150.0,576.2638727375088
165.0,66.74502472945537
180.0,18.42341379211331
195.0,7.686399966185917
210.0,3.1600385638311956
225.0,1.5380963481250156
240.0,0.5433491374967584
255.0,0.24770597722055335
270.0,
285.0,
