Time,HRRPUA
0.0,3.4515976607924386
15.0,5.7935833434076836
30.0,35.437247065992445
45.0,509.5650259707675
60.0,1282.7049352309116
75.0,2139.9939368704786
90.0,1261.8265202239618
105.0,199.86709836656863
120.0,41.65089405984461
135.0,34.47079050579202
150.0,31.277101234038728
165.0,26.872185194663455
180.0,24.23348124517246
195.0,20.169804295536636
210.0,
225.0,
240.0,
