Time,HRRPUA
0.0,3.412653233087442
15.0,2.060631220800334
30.0,0.0
45.0,0.0
60.0,32.31983017617386
75.0,391.64691799198823
90.0,911.0029033740215
105.0,1726.3033420611964
120.0,1640.8936502101071
135.0,617.5454827776383
150.0,95.2622867732005
165.0,20.301026704071845
180.0,22.237940304026196
195.0,24.61708841566207
210.0,25.08594813385847
225.0,24.298671127156684
240.0,22.98468613351947
255.0,20.954491830894458
270.0,
285.0,
