Time,HRRPUA
0.0,2.49710831387711
15.0,1.750519220492295
30.0,0.0
45.0,0.0
60.0,0.0
75.0,0.0
90.0,17.150595110587602
105.0,140.81895261652318
120.0,198.79322660620574
135.0,199.9552087681639
150.0,167.03315099400908
165.0,145.62320750066976
180.0,133.52943203005145
195.0,124.81514997772305
210.0,119.78170250469924
225.0,116.05360957318324
240.0,112.90814277678356
255.0,109.25015811561951
270.0,106.05792640838207
285.0,104.4485058318184
300.0,102.07891674178288
315.0,100.9035802580025
330.0,99.80949264509592
345.0,98.07123722598568
360.0,96.96258714097398
375.0,95.67233922602446
390.0,95.3610287111289
405.0,94.7140580282131
420.0,93.9642262878007
435.0,94.57161636483595
450.0,95.25554896605168
465.0,95.43871421219366
480.0,97.06929048783176
495.0,97.6769803973771
510.0,99.95485867460931
525.0,101.98437547298468
540.0,103.48986098083508
555.0,106.049289050797
570.0,108.49211531615104
585.0,112.33015769572056
600.0,116.65009037784112
615.0,122.05944780738724
630.0,127.76439744440815
645.0,134.49020640887957
660.0,141.7920733792443
675.0,150.19485432193642
690.0,158.00686444912495
705.0,163.99026458534541
720.0,170.28000490082906
735.0,175.18195175740715
750.0,180.02439083617298
765.0,182.17261877539707
780.0,168.97402432727284
795.0,152.0245692790547
810.0,127.4957087811612
825.0,103.28998493994678
840.0,77.36645140364581
855.0,57.21024984742257
870.0,46.107692367071216
885.0,40.34985994419914
900.0,36.942221677335944
915.0,34.28275339328279
930.0,31.704877533025066
945.0,
960.0,
975.0,
990.0,
1005.0,
1020.0,
1035.0,
1050.0,
1065.0,
1080.0,
