Time,HRRPUA
0.0,1.3454338319666865
15.0,0.0
30.0,0.0
45.0,0.0
60.0,0.0
75.0,0.0
90.0,0.0
105.0,0.0
120.0,0.5288117172860783
135.0,2.720369908186056
150.0,28.413467014337527
165.0,54.473597295412105
180.0,28.917790101426906
195.0,23.28297304205942
210.0,18.116336250523997
225.0,13.225633711825244
240.0,8.782785947324633
255.0,2.5451337404706047
270.0,0.0
285.0,
300.0,
