Time,HRRPUA
0.0,27.529354095389465
15.0,133.65926704896114
30.0,123.75279814071125
45.0,105.556346348739
60.0,85.71730239100002
75.0,62.83058642431677
90.0,47.90026060337675
105.0,37.29818317663694
120.0,32.628400632453264
135.0,26.855064138730157
150.0,22.249676330097113
165.0,
180.0,
195.0,
210.0,
225.0,
240.0,
