Time,HRRPUA
0.0,2.090335109500971
15.0,2.8275631280967133
30.0,40.97055743865861
45.0,310.7695312107356
60.0,317.4009830302476
75.0,278.7315509050559
90.0,243.89777429900735
105.0,217.43174534801412
120.0,201.26524144995446
135.0,190.60312546932835
150.0,182.8556924044316
165.0,179.0640380945122
180.0,177.1914855908461
195.0,173.3527259935112
210.0,167.6696246269493
225.0,162.4129710661087
240.0,158.98635605103354
255.0,155.10105304253057
270.0,152.2985944381032
285.0,149.41376378119926
300.0,146.50476304945383
315.0,141.92407127668858
330.0,138.6761063018161
345.0,134.66074974681462
360.0,131.58955134107728
375.0,127.43259292073827
390.0,124.52769894321865
405.0,121.84062546771247
420.0,119.00911527468288
435.0,118.620544994044
450.0,118.14626269938208
465.0,115.57737452652493
480.0,114.99059663193778
495.0,115.55535761502011
510.0,115.03154558103851
525.0,117.16410283605971
540.0,119.9232449722095
555.0,123.26543030961528
570.0,126.03603940459658
585.0,130.42388591062738
600.0,135.74459384973449
615.0,141.1921967935742
630.0,146.4409765618183
645.0,152.4576247140021
660.0,160.07819312533329
675.0,165.9735426693048
690.0,172.2431900061057
705.0,179.39509977542937
720.0,185.9623259391399
735.0,192.53731294393398
750.0,199.78882619823023
765.0,208.98254747444662
780.0,217.40561063266895
795.0,224.8902077853164
810.0,233.47403635788842
825.0,237.35382694539635
840.0,230.7674439912619
855.0,209.77873111050204
870.0,171.40992196516152
885.0,141.10644827158737
900.0,121.173711012639
915.0,100.81995980153572
930.0,78.29513130626736
945.0,67.90960006599231
960.0,64.73053457756974
975.0,59.67538664705074
990.0,56.34072188741366
1005.0,55.732732849116154
1020.0,53.23159124247389
1035.0,57.51269262011124
1050.0,56.39660112592532
1065.0,62.51845213890024
1080.0,133.2142920345345
1095.0,56.33241970709091
1110.0,55.498816870508996
1125.0,54.84642033216994
1140.0,
1155.0,
1170.0,
1185.0,
