Time,HRRPUA
0.0,0.1078472203664114
15.0,1.605963583253553
30.0,0.0
45.0,0.0
60.0,0.4690203587742488
75.0,1.0534129773743686
90.0,0.0
105.0,0.0
120.0,0.0
135.0,0.0
150.0,0.18854916155374635
165.0,231.17298030033905
180.0,344.04769894716634
195.0,375.05614348702704
210.0,368.73489901156313
225.0,353.35239167738445
240.0,339.680266242711
255.0,336.11798165822955
270.0,349.66574325938427
285.0,356.308692559102
300.0,328.514279983388
315.0,285.4974710751828
330.0,255.99392947125637
345.0,237.6113338170907
360.0,218.2132883726803
375.0,206.45608439522192
390.0,196.8720407431003
405.0,192.83912521620192
420.0,188.88017911530815
435.0,191.59770642986595
450.0,190.190808207411
465.0,188.99619579505057
480.0,190.5720033396251
495.0,188.84748909724374
510.0,186.821282211031
525.0,184.91401004282446
540.0,178.64515780234416
555.0,175.06411634934938
570.0,171.83833155932552
585.0,164.18302515258296
600.0,159.63623961183018
615.0,154.25860766199708
630.0,147.75370574313817
645.0,142.24058955833783
660.0,136.59468948023186
675.0,131.02378923951065
690.0,126.4900837884501
705.0,121.45792875676595
720.0,116.66947354694284
735.0,110.83079444910157
750.0,105.4747686937524
765.0,101.95996526468882
780.0,99.10156291232587
795.0,96.52843923621465
810.0,91.87320511484876
825.0,88.53052681572721
840.0,84.14332457383786
855.0,81.98081222302942
870.0,78.73165466272204
885.0,74.93246330079863
900.0,74.00308377741723
915.0,69.94436788957776
930.0,67.38434199259021
945.0,65.058691233573
960.0,63.75351730191064
975.0,60.38623707535059
990.0,56.837133074978645
1005.0,54.83149618573916
1020.0,53.450583108340254
1035.0,49.85109996400576
1050.0,48.716366743878844
1065.0,44.908011264536746
1080.0,42.57497122562277
1095.0,39.765665722153436
1110.0,40.561407266611404
1125.0,37.123072525431
1140.0,35.1070605748402
1155.0,34.804007794077485
1170.0,33.64113755975131
1185.0,32.70282720340986
1200.0,30.793936788769976
1215.0,31.83437905881256
1230.0,29.855850047370193
1245.0,30.242880936626804
1260.0,29.431464594959458
1275.0,28.448411628290067
1290.0,26.940594397691502
1305.0,25.721978191269173
1320.0,23.896506027723362
1335.0,20.7068492664479
1350.0,18.25355336881798
1365.0,16.40256932779608
1380.0,
1395.0,
1410.0,
