Time,HRRPUA
0.0,4.2985592741252
15.0,2.247424301864889
30.0,3.673480750370248
45.0,164.58797560880384
60.0,442.82472092998347
75.0,713.895640154827
90.0,1071.381591594918
105.0,1484.9385335592633
120.0,1883.8952255790543
135.0,2112.8503222573418
150.0,1536.2240512637911
165.0,257.3464444514015
180.0,23.783053422636513
195.0,6.862820356192043
210.0,2.521067653613231
225.0,0.27836699654857205
240.0,0.26281047994390655
255.0,0.9098389644090493
270.0,
285.0,
300.0,
