Time,HRRPUA
0.0,2.6529492041044374
15.0,2.4312162059066775
30.0,0.6029941890428693
45.0,0.6830562704655168
60.0,8.151027495429148
75.0,179.95070130231161
90.0,301.4328754681307
105.0,327.1791209710379
120.0,284.18856691124506
135.0,201.17272147038307
150.0,113.30923607451147
165.0,57.974456229070746
180.0,41.24738252194637
195.0,36.7584265550965
210.0,34.70349877298659
225.0,33.350994144856784
240.0,32.45200055885997
255.0,31.372743987025284
270.0,30.26726179909527
285.0,
300.0,
315.0,
330.0,
345.0,
360.0,
