Time,HRRPUA
0.0,0.2912868585388429
15.0,0.0
30.0,0.0
45.0,282.0621698575366
60.0,688.6935516801035
75.0,880.7116349315102
90.0,1072.9627351159409
105.0,1224.2438106733134
120.0,1295.4020518711657
135.0,1167.5687669151046
150.0,601.1248528872835
165.0,70.86724876348948
180.0,13.673042062122661
195.0,5.11255348319868
210.0,1.4737478731710878
225.0,0.0
240.0,0.0
255.0,0.13301327665344775
270.0,
285.0,
