Time,HRRPUA
0.0,0.8321665916468072
15.0,281.2846870586042
30.0,610.3904033994655
45.0,122.86413337206027
60.0,70.67046943156835
75.0,54.67554025570171
90.0,45.699709604276144
105.0,38.141836728203884
120.0,31.59376243172315
135.0,21.219404784288116
150.0,13.6605808048456
165.0,9.274777757706717
180.0,5.908576538104491
195.0,3.1336085207217867
210.0,
225.0,
240.0,
255.0,
270.0,
285.0,
