Time,HRRPUA
0.0,19.654668727830607
15.0,436.823771775616
30.0,758.0861499591787
45.0,389.61973341339836
60.0,15.99032884111734
75.0,0.8854336929421622
90.0,0.0
105.0,0.0
120.0,0.0
135.0,0.0
150.0,
165.0,
180.0,
