Time,HRRPUA
0.0,0.0
134.26,0.0
137.0,43.2
149.30769230769232,120.7
161.6153846153846,160.5
173.92307692307693,225.8
186.23076923076923,346.4
198.53846153846155,485.0
210.84615384615387,613.2
223.15384615384616,737.3
235.46153846153845,885.4
247.76923076923077,1060.5
260.0769230769231,1269.7
272.38461538461536,1456.8
284.69230769230774,1563.3
297.0,1327.5
309.3076923076923,841.8
321.61538461538464,348.6
333.9230769230769,168.3
346.2307692307693,67.9
358.53846153846155,12.0
370.84615384615387,1.5
383.1538461538462,0.0
395.46153846153845,0.0
407.7692307692308,0.0
420.0769230769231,0.0
432.3846153846154,0.9
444.69230769230774,0.0
457.0,0.0
469.3076923076923,0.0
481.61538461538464,0.0
493.92307692307696,0.0
506.2307692307692,0.0
518.5384615384615,0.0
530.8461538461538,0.0
543.1538461538462,0.0
555.4615384615386,0.0
567.7692307692307,0.0
580.0769230769231,0.0
592.3846153846155,0.0
604.6923076923077,0.0
617.0,0.0
