Time,HRRPUA
0.0,2.001237923254702
15.0,184.7076363275877
30.0,338.75579059053194
45.0,670.7217409510389
60.0,409.60896170181763
75.0,39.43260051562388
90.0,4.52221400869725
105.0,1.3726423900473321
120.0,0.06546676141285397
135.0,0.0
150.0,0.0
165.0,0.010477596868620006
180.0,
195.0,
210.0,
