Time,HRRPUA
0.0,1.3700436668814904
15.0,0.8651226582790343
30.0,0.0
45.0,0.0
60.0,0.0
75.0,0.0
90.0,0.0
105.0,0.9301265893861285
120.0,1.0206925961336457
135.0,0.8589223375247229
150.0,2.1218365672783297
165.0,1.811736048515072
180.0,1.5210397701531528
195.0,0.8334504639161455
210.0,0.3434954197646218
225.0,0.1225976896559526
240.0,0.0
255.0,0.0
270.0,0.20091093686049946
285.0,0.0
300.0,0.1135612695072381
315.0,0.0
330.0,0.0
345.0,0.06817923606117839
360.0,0.9348521243405586
375.0,2.663545517308569
390.0,3.4244877018803233
405.0,3.917055234321488
420.0,7.019413806883371
435.0,27.998862928858728
450.0,47.31507174090214
465.0,65.19003301182408
480.0,83.4826021801289
495.0,102.42252666346768
510.0,116.596058091952
525.0,124.8784212971842
540.0,123.33465324823594
555.0,113.39628498333741
570.0,110.48178173897843
585.0,109.7174157330711
600.0,111.39447991601203
615.0,101.76689626586706
630.0,91.3707281062626
645.0,88.15682488727987
660.0,82.94462480908891
675.0,81.24856576766228
690.0,69.5623764194657
705.0,65.8079349729162
720.0,71.51135162283938
735.0,69.68168317921594
750.0,73.36879641500889
765.0,81.47807316180082
780.0,89.41033759554058
795.0,89.78869678087553
810.0,
825.0,
840.0,
855.0,
870.0,
885.0,
900.0,
915.0,
930.0,
945.0,
960.0,
975.0,
990.0,
1005.0,
1020.0,
1035.0,
1050.0,
1065.0,
1080.0,
1095.0,
1110.0,
1125.0,
1140.0,
1155.0,
1170.0,
1185.0,
1200.0,
1215.0,
1230.0,
1245.0,
1260.0,
1275.0,
1290.0,
1305.0,
1320.0,
1335.0,
