Time,HRRPUA
0.0,0.0
579.5230000000001,0.0
591.3500000000001,35.6
602.317741935484,99.0
613.2854838709678,139.2
624.2532258064517,182.7
635.2209677419356,233.1
646.1887096774195,288.4
657.1564516129033,331.4
668.1241935483872,402.7
679.0919354838711,466.7
690.059677419355,521.5
701.0274193548388,571.8
711.9951612903227,603.2
722.9629032258066,636.8
733.9306451612904,665.5
744.8983870967743,699.9
755.8661290322582,746.0
766.8338709677421,752.0
777.801612903226,724.2
788.7693548387098,700.5
799.7370967741937,672.3
810.7048387096776,579.7
821.6725806451614,422.4
832.6403225806453,245.3
843.6080645161292,118.1
854.5758064516131,35.5
865.543548387097,1.3
876.5112903225807,0.0
887.4790322580646,0.0
898.4467741935484,0.0
909.4145161290323,0.0
920.3822580645162,0.0
931.3500000000001,0.0
942.317741935484,0.0
953.2854838709678,0.0
964.2532258064517,0.3
975.2209677419355,0.0
986.1887096774194,0.0
997.1564516129033,0.0
1008.1241935483872,0.0
1019.0919354838711,0.0
1030.059677419355,0.0
1041.027419354839,0.0
1051.9951612903228,0.0
1062.9629032258065,0.0
1073.9306451612904,0.0
1084.8983870967743,0.0
1095.8661290322582,0.0
1106.833870967742,0.0
1117.8016129032258,0.0
1128.7693548387097,0.0
1139.7370967741936,0.0
1150.7048387096775,0.0
1161.6725806451614,0.0
1172.6403225806453,0.0
1183.6080645161292,0.0
1194.575806451613,0.0
1205.543548387097,0.0
1216.5112903225809,0.0
1227.4790322580648,0.0
1238.4467741935484,0.0
1249.4145161290323,0.0
1260.3822580645162,0.0
1271.3500000000001,0.0
1282.3177419354838,0.0
1293.2854838709677,0.0
1304.2532258064516,0.0
1315.2209677419355,0.0
1326.1887096774194,0.0
1337.1564516129033,0.0
1348.1241935483872,0.0
1359.091935483871,0.0
1370.059677419355,0.0
1381.027419354839,0.0
1391.9951612903228,0.0
1402.9629032258065,0.0
1413.9306451612904,0.0
1424.8983870967743,0.0
1435.8661290322582,0.0
1446.8338709677419,0.0
1457.8016129032258,0.0
1468.7693548387097,0.0
1479.7370967741936,0.0
1490.7048387096775,0.0
1501.6725806451614,0.0
1512.6403225806453,0.0
1523.6080645161292,0.0
1534.575806451613,0.0
1545.543548387097,0.0
1556.5112903225809,0.0
1567.4790322580645,0.0
1578.4467741935484,0.0
1589.4145161290323,0.0
1600.3822580645162,0.0
1611.3500000000001,0.0
