Time,HRRPUA
0.0,62.216512874431224
15.0,791.1703286754168
30.0,954.4121309521851
45.0,62.207678789387025
60.0,25.652229222996482
75.0,13.417160541563213
90.0,6.8726673518215575
105.0,2.125514466629485
120.0,0.8343109946599361
135.0,0.9430294346626024
150.0,
165.0,
