Time,HRRPUA
0.0,1.4804026791805753
15.0,7.012415648725578
30.0,7.540940514980869
45.0,92.13005964963179
60.0,372.2077380499705
75.0,222.75387916713362
90.0,34.10784442416955
105.0,11.173478516144106
120.0,9.530072361003084
135.0,7.9078462314556175
150.0,7.6195000406221185
165.0,8.112628023064616
180.0,
195.0,
210.0,
