Time,HRRPUA
0.0,1.7671288054495093
15.0,67.27050788244229
30.0,244.26233115214214
45.0,162.34295716606485
60.0,186.70263964220726
75.0,210.9115140014638
90.0,219.04312051862155
105.0,214.37912356697842
120.0,176.72072666484002
135.0,89.64274205781832
150.0,49.633299652239
165.0,44.29476965284806
180.0,42.756427395624385
195.0,41.788319530505284
210.0,40.629833186802394
225.0,39.236013940142776
240.0,
255.0,
270.0,
285.0,
300.0,
