Time,HRRPUA
0.0,1.1263640145177967
15.0,47.94253699513178
30.0,108.56620177810122
45.0,40.351793753161736
60.0,30.927400246989368
75.0,22.670992437646785
90.0,12.400971614847201
105.0,5.804458287321894
120.0,2.275891651859398
135.0,
150.0,
