Time,HRRPUA
0.0,0.8184211993749653
15.0,16.296339298958433
30.0,419.85707414904056
45.0,605.6392815606708
60.0,734.8290152514164
75.0,632.4839659143181
90.0,408.1921353911543
105.0,281.22969523362536
120.0,211.95903925007246
135.0,177.63852479254402
150.0,159.7644299362512
165.0,144.47527027717567
180.0,125.27931331061176
195.0,79.35074062567399
210.0,29.56229815969414
225.0,9.936864483513439
240.0,4.495965709274045
255.0,2.463245736740458
270.0,1.4909928962000738
285.0,1.0537139058298426
300.0,
315.0,
330.0,
345.0,
