Time,HRRPUA
0.0,27.10755807561366
15.0,174.3498891834118
30.0,130.79382218737445
45.0,98.30830215937699
60.0,101.27058591548746
75.0,79.6979918706001
90.0,59.75343246043589
105.0,45.40101934306087
120.0,34.34952090995521
135.0,28.499914686410154
150.0,24.55725702297968
165.0,22.481707505963634
180.0,21.170908020112066
195.0,20.908802544835126
210.0,20.877151783436418
225.0,19.648433522450087
240.0,18.991620036792707
255.0,17.613541719702372
270.0,15.792760978167404
285.0,13.998667682892588
300.0,12.241953155244516
315.0,11.367289733641886
330.0,10.920483537662415
345.0,9.840538737138573
360.0,
375.0,
390.0,
405.0,
420.0,
435.0,
450.0,
465.0,
480.0,
