Time,HRRPUA
0.0,1.6622305126993013
15.0,15.209458929519116
30.0,155.26370146915377
45.0,204.4781841800704
60.0,235.30764243518792
75.0,240.1391148807436
90.0,195.47749061663367
105.0,190.1867701522774
120.0,145.57774973641102
135.0,97.24696192806347
150.0,72.68934036916359
165.0,60.744803983299825
180.0,
195.0,
210.0,
225.0,
240.0,
255.0,
270.0,
285.0,
300.0,
315.0,
330.0,
345.0,
360.0,
375.0,
390.0,
405.0,
420.0,
435.0,
450.0,
