Time,HRRPUA
0.0,35.52360191638039
15.0,226.69063644441383
30.0,173.27213579892174
45.0,144.41006901253743
60.0,111.22466270866542
75.0,70.02573128847739
90.0,41.21793117125575
105.0,33.34462835818421
120.0,29.577928719162777
135.0,28.31570186355483
150.0,26.9313253782244
165.0,25.08920801132928
180.0,24.105642559731024
195.0,22.94440953105687
210.0,
225.0,
240.0,
255.0,
270.0,
