Time,HRRPUA
0.0,3.5331484967773505
15.0,53.95762808261879
30.0,349.8294919843197
45.0,543.2527100517722
60.0,440.34120077858546
75.0,157.25835005957268
90.0,80.4991068755922
105.0,61.09659235312242
120.0,54.47963260671229
135.0,53.058764430600554
150.0,49.5823026824041
165.0,45.529637744125694
180.0,40.17195593308384
195.0,36.18452297185493
210.0,32.57462701412079
225.0,30.244498076853912
240.0,26.89537094717092
255.0,24.848200864476695
270.0,21.12139373638836
285.0,17.971596197162736
300.0,
315.0,
330.0,
345.0,
360.0,
375.0,
