Time,HRRPUA
0.0,83.92659061922825
15.0,257.1303139014652
30.0,138.58401300764075
45.0,42.879997276260646
60.0,32.05105972018307
75.0,26.241076304939423
90.0,21.853639859168982
105.0,17.529352990590752
120.0,9.810107335141087
135.0,4.865720010875994
150.0,
165.0,
