Time,HRRPUA
0.0,3.1115300441984495
15.0,364.67051474401273
30.0,718.7124147066179
45.0,498.234815181438
60.0,126.28372288268184
75.0,79.61727151731891
90.0,59.08680133863353
105.0,52.17984453534229
120.0,48.08312411962709
135.0,43.999450763632105
150.0,41.665373784007464
165.0,37.25329669264643
180.0,33.20403354243462
195.0,30.673180195794014
210.0,26.361634761612905
225.0,23.600777828425993
240.0,
255.0,
270.0,
285.0,
300.0,
315.0,
