Time,HRRPUA
0.0,0.0619936176231089
15.0,320.27136440347346
30.0,420.149032861641
45.0,308.53114834498524
60.0,111.71269347106805
75.0,29.476908864861873
90.0,18.836219703794047
105.0,16.694807705810927
120.0,14.467686104590769
135.0,12.507130282530397
150.0,9.98181484487572
165.0,8.176114265648161
180.0,
195.0,
210.0,
