Time,HRRPUA
0.0,1.0149721613394265
15.0,109.96146712368909
30.0,1099.0762974270233
45.0,824.417468905861
60.0,545.616167518919
75.0,447.3017155979798
90.0,392.02965593111793
105.0,358.12078044266246
120.0,335.9454683549637
135.0,321.947285171452
150.0,314.02606990670046
165.0,308.3210302874095
180.0,303.77816682826295
195.0,300.55062411891527
210.0,298.40169731628396
225.0,297.51035775347526
240.0,296.2448324379042
255.0,293.6462035138036
270.0,291.23211079063884
285.0,287.74448568782157
300.0,285.33724471634997
315.0,276.4334523481352
330.0,243.44617753139076
345.0,238.40736624883127
360.0,258.09193781942537
375.0,278.5472602362298
390.0,290.89343715543214
405.0,298.3382637744862
420.0,304.1596658240921
435.0,308.80536917884086
450.0,308.9735813919431
465.0,309.2534341445158
480.0,306.77136206198435
495.0,303.0931680141882
510.0,300.5028726927966
525.0,298.5786742036105
540.0,295.02604028425316
555.0,290.9927576119669
570.0,289.1584401764056
585.0,283.97210720973203
600.0,280.32630815329566
615.0,279.2114099141941
630.0,278.4574892260377
645.0,277.9525404318049
660.0,276.4746545088173
675.0,275.6474938501919
690.0,274.22863269270493
705.0,275.7108427348578
720.0,277.1584131947888
735.0,277.1823848453762
750.0,276.04786739034375
765.0,275.2375138919376
780.0,271.57151873806816
795.0,270.3050914185884
810.0,266.7083321773425
825.0,262.1829487359601
840.0,258.5999461293147
855.0,253.97979818954818
870.0,250.10483221251312
885.0,244.96199836302162
900.0,238.63278890532715
915.0,235.01219036401025
930.0,231.6614556643699
945.0,228.8755820302798
960.0,225.78772748610774
975.0,220.16664835377387
990.0,216.02242243413926
1005.0,211.70286679574178
1020.0,205.42398136331963
1035.0,197.4252740279853
1050.0,192.22599505595
1065.0,184.84566033539116
1080.0,178.3685737363456
1095.0,171.12314996705223
1110.0,163.66292113580013
1125.0,156.68632924265498
1140.0,147.34862786106453
1155.0,134.95369649079421
1170.0,120.9167722301374
1185.0,101.65375400729242
1200.0,80.82241160820841
1215.0,66.36224463212635
1230.0,59.68454209384743
1245.0,56.673997593982314
1260.0,55.988949817839035
1275.0,55.415966777940774
1290.0,55.117667795692945
1305.0,54.733290754714766
1320.0,53.99304127650604
1335.0,
1350.0,
