Time,HRRPUA
0.0,1.1368960755765627
15.0,0.0
30.0,0.0
45.0,0.0
60.0,0.0
75.0,0.0
90.0,157.61007288538158
105.0,617.7993933399525
120.0,671.0292934754202
135.0,589.6243363111984
150.0,384.5850842367836
165.0,174.50763448525672
180.0,56.34812290190474
195.0,32.4204174747357
210.0,30.24698661118318
225.0,28.756189929040318
240.0,25.419137192929327
255.0,23.567111839294174
270.0,21.636683502626813
285.0,
300.0,
315.0,
