Time,HRRPUA
0.0,3.2033701873102904
15.0,6.4277671053319825
30.0,4.78660129346477
45.0,139.90428418768863
60.0,42.79392021905439
75.0,0.0
90.0,0.0
105.0,0.0
120.0,0.0
135.0,0.0
150.0,0.0
165.0,
180.0,
