Time,HRRPUA
0.0,3.9203574387488764
15.0,197.44246005024607
30.0,327.84249392460646
45.0,486.4685618407773
60.0,453.1420054318312
75.0,248.48081103413256
90.0,43.73236215337346
105.0,11.504606435557656
120.0,2.5080218783802803
135.0,1.4363816407678502
150.0,0.0
165.0,0.0
180.0,0.0
195.0,
210.0,
225.0,
240.0,
