Time,HRRPUA
0.0,1.194236552756453
15.0,2.0855668324513728
30.0,0.0
45.0,0.0
60.0,0.0
75.0,0.0
90.0,0.0
105.0,1.281226262495006
120.0,129.0007874462979
135.0,244.31345845364137
150.0,252.44252152571522
165.0,338.6859567486034
180.0,403.20851171106733
195.0,433.3580741889909
210.0,477.5084273569569
225.0,521.6558859336462
240.0,528.690988775819
255.0,497.3507196193015
270.0,462.32498945698796
285.0,438.3330793479606
300.0,400.7299357607103
315.0,369.7967589466073
330.0,329.215671561277
345.0,287.13982448300015
360.0,268.2536178043068
375.0,256.2873489718662
390.0,244.209121225898
405.0,230.04983104236643
420.0,219.29048504578668
435.0,207.3201482381952
450.0,197.30497978171178
465.0,190.44413739176304
480.0,184.1437942044253
495.0,176.63209894582485
510.0,171.23117528138724
525.0,165.3186285671027
540.0,160.1363559626014
555.0,153.95749986994673
570.0,148.8812468482142
585.0,144.82270364695808
600.0,141.36144401177765
615.0,136.5788989417574
630.0,130.75966841746495
645.0,125.1891317195709
660.0,
675.0,
690.0,
705.0,
720.0,
735.0,
750.0,
765.0,
780.0,
795.0,
810.0,
825.0,
840.0,
855.0,
870.0,
885.0,
900.0,
915.0,
930.0,
945.0,
960.0,
975.0,
990.0,
1005.0,
1020.0,
1035.0,
1050.0,
1065.0,
1080.0,
1095.0,
1110.0,
1125.0,
1140.0,
1155.0,
1170.0,
1185.0,
1200.0,
1215.0,
1230.0,
1245.0,
1260.0,
1275.0,
1290.0,
1305.0,
1320.0,
1335.0,
1350.0,
