Time,HRRPUA
0.0,1.5047595516529244
15.0,2.072643647201142
30.0,1.6344811679333926
45.0,0.0
60.0,0.0
75.0,0.0
90.0,6.306635548541196
105.0,29.05786093574678
120.0,60.7735105635839
135.0,96.02713079517495
150.0,116.0411552915227
165.0,112.72024095168592
180.0,100.19340031468586
195.0,97.54997020104874
210.0,99.37798843069201
225.0,98.06792687008615
240.0,
255.0,
270.0,
285.0,
300.0,
315.0,
330.0,
345.0,
360.0,
375.0,
390.0,
405.0,
420.0,
435.0,
450.0,
465.0,
480.0,
