Time,HRRPUA
0.0,3.5093740867241086
15.0,4.758926389951412
30.0,0.0
45.0,0.0
60.0,0.527732619531393
75.0,0.8042216903807523
90.0,4.115074514258388
105.0,167.0458230118768
120.0,407.43851616281063
135.0,534.6214905915186
150.0,640.6161130627041
165.0,715.124288005119
180.0,723.4367042517027
195.0,720.9239020470771
210.0,727.2591620809472
225.0,732.2463411617385
240.0,681.0102211999043
255.0,574.096765424251
270.0,354.02366816062994
285.0,81.31041556850094
300.0,2.464335251458922
315.0,0.0
330.0,0.0
345.0,0.0
360.0,0.0
375.0,0.0
390.0,
405.0,
420.0,
