Time,HRRPUA
0.0,8.347768274656623
15.0,67.49273782645393
30.0,222.12145671413077
45.0,4.634859860644943
60.0,0.2276922564317114
75.0,0.8283737964563029
90.0,1.7653213757507125
105.0,1.0413418514969779
120.0,0.6393904238139834
135.0,
150.0,
165.0,
