Time,HRRPUA
0.0,2.9149236171878985
15.0,1.238619262192333
30.0,0.0
45.0,0.0
60.0,0.0
75.0,0.0
90.0,0.0
105.0,0.09124796331622498
120.0,69.47158946982718
135.0,180.48842690454376
150.0,277.63138820851464
165.0,391.0923319765477
180.0,538.7432280567579
195.0,672.5669831156183
210.0,796.016526936805
225.0,941.3238153057997
240.0,1089.0488564143736
255.0,1225.779428402437
270.0,1327.4103309222326
285.0,1224.7075658492104
300.0,705.6656480116814
315.0,241.70597882642411
330.0,25.293186071006897
345.0,2.8377402022859584
360.0,1.7862613091211104
375.0,1.1100819356991265
390.0,0.6018513327568138
405.0,
420.0,
435.0,
450.0,
