Time,HRRPUA
0.0,0.6733849128192152
15.0,23.584553392461228
30.0,592.6836201498814
45.0,958.9683150596417
60.0,1219.006144784523
75.0,1483.3326213578594
90.0,1542.7142966642914
105.0,1090.5587923997346
120.0,172.33251381839935
135.0,17.004113619895435
150.0,3.946353483826822
165.0,0.13578531295216134
180.0,0.0
195.0,0.0
210.0,0.0
225.0,
240.0,
