Time,HRRPUA
0.0,2.5763222186381927
15.0,2.577042972904468
30.0,2.6339609494375567
45.0,91.73887610881526
60.0,287.89597769273354
75.0,384.14820282216806
90.0,382.81179491534925
105.0,330.4888308470686
120.0,223.3689448736039
135.0,124.07268647575343
150.0,64.33413149454952
165.0,33.27018135143031
180.0,18.71561531098683
195.0,3.857206117249548
210.0,0.0
225.0,0.0
240.0,0.0
255.0,0.0
270.0,0.0
285.0,0.0
300.0,
315.0,
