Time,HRRPUA
0.0,0.0
15.0,0.0
30.0,171.46520266217854
45.0,612.1955358562299
60.0,624.0509525080511
75.0,502.9597694610032
90.0,248.33012854589128
105.0,171.38046996094283
120.0,163.57161135281996
135.0,139.2920886581962
150.0,101.12254152571525
165.0,68.38675433547252
180.0,49.81377276802688
195.0,38.18721873953077
210.0,34.02274644695867
225.0,32.05273653528776
240.0,31.692862630920608
255.0,30.889357432998562
270.0,30.423869518578975
285.0,30.326078253916698
300.0,30.11230557651005
315.0,
330.0,
