Time,HRRPUA
0.0,0.7703752874073615
15.0,14.186753411136229
30.0,522.4593054181368
45.0,116.47059264717375
60.0,56.86988269002628
75.0,43.93103317644657
90.0,34.652197084188906
105.0,24.97484526533671
120.0,15.932866443191152
135.0,10.163815719849502
150.0,7.494017994421313
165.0,5.464557549849235
180.0,4.315957171944622
195.0,2.4561018809887405
210.0,1.7103460546011755
225.0,
240.0,
255.0,
270.0,
285.0,
300.0,
315.0,
