Time,HRRPUA
0.0,1.182510354183685
15.0,3.5702375419837935
30.0,256.37813979279684
45.0,302.92113314141756
60.0,306.60898612705176
75.0,290.6174304271534
90.0,248.9296959392265
105.0,211.8590575565283
120.0,188.4415345166113
135.0,175.89454665250778
150.0,168.09871603521447
165.0,160.94233016097328
180.0,154.3797330412863
195.0,149.44450633858207
210.0,144.06009907046862
225.0,138.77492525837323
240.0,134.68917606336421
255.0,129.6951898220719
270.0,126.74891627815491
285.0,124.7760316375204
300.0,122.41961982939803
315.0,120.739348183282
330.0,120.13653773451612
345.0,120.6199590458486
360.0,121.68728670044777
375.0,124.20493419826289
390.0,126.97012472630627
405.0,130.9674194380896
420.0,134.7530439378857
435.0,139.68708751278874
450.0,145.59295502379862
465.0,151.14246588634677
480.0,155.6617778738553
495.0,161.85508535715402
510.0,165.35307807175988
525.0,168.34263052645832
540.0,169.0833358017305
555.0,170.93607877243207
570.0,172.5922590422489
585.0,176.04295119291234
600.0,177.34582461684036
615.0,176.86356829413558
630.0,175.57709922001263
645.0,176.53218915472948
660.0,178.55800930751028
675.0,180.23890804869794
690.0,180.36418953304812
705.0,178.02435342831976
720.0,174.06184778379108
735.0,167.8635931057121
750.0,160.81978816167697
765.0,155.5317191318645
780.0,144.1448518327575
795.0,121.01825268514881
810.0,96.74654779560463
825.0,79.34797002446932
840.0,73.49937146572104
855.0,69.05369620996579
870.0,65.19217707979762
885.0,62.24975266089806
900.0,59.18774096781971
915.0,57.32274276243743
930.0,55.96515666066105
945.0,55.646192735303224
960.0,53.71267070068921
975.0,53.50271827582122
990.0,54.029465610312876
1005.0,52.61731544803953
1020.0,52.059666938914496
1035.0,50.741807419761074
1050.0,50.167116164574956
1065.0,48.593709794951415
1080.0,48.12607429850116
1095.0,48.19835061748461
1110.0,48.458092597689436
1125.0,46.89187740656096
1140.0,46.109828209011816
1155.0,46.312131128416375
1170.0,46.68556010797039
1185.0,45.91782068050645
1200.0,45.26585229863735
1215.0,44.36445920164956
1230.0,43.873283020380086
1245.0,44.011536491241635
1260.0,43.69651324973261
1275.0,42.50721206854816
1290.0,42.5309778640505
1305.0,
1320.0,
1335.0,
1350.0,
