Time,HRRPUA
0.0,17.530539368835193
15.0,310.20568159283704
30.0,591.3567579832171
45.0,888.6650681776205
60.0,1029.7752569585145
75.0,294.84027111842744
90.0,59.25870409310323
105.0,30.323158203962436
120.0,20.60984531080745
135.0,11.994868219553135
150.0,5.74683182749481
165.0,2.817665210103529
180.0,
195.0,
210.0,
225.0,
240.0,
