Time,HRRPUA
0.0,1.3522030344256748
15.0,309.0579108013888
30.0,240.12718658256054
45.0,228.07173668005942
60.0,274.8530101818298
75.0,228.46267280889126
90.0,212.95387388996028
105.0,101.30702128576327
120.0,45.427994158793865
135.0,40.38055427935205
150.0,39.310247768135554
165.0,37.04360832685331
180.0,36.6030785871402
195.0,35.91487470888109
210.0,35.74383018737678
225.0,35.11432193920367
240.0,35.4937077203164
255.0,
270.0,
285.0,
300.0,
