Time,HRRPUA
0.0,0.0
15.0,129.18687614085414
30.0,233.7168509037837
45.0,324.6715556233116
60.0,449.75369355281595
75.0,589.0091112756166
90.0,626.5780618618463
105.0,467.51391615810365
120.0,160.1653835548536
135.0,27.27604506440602
150.0,12.65454371673946
165.0,3.5601576445065795
180.0,0.767176128480064
195.0,0.04468018621679656
210.0,0.0
225.0,0.0
240.0,
255.0,
