Time,HRRPUA
0.0,35.691253956907914
15.0,555.2398832017161
30.0,1098.4511834454868
45.0,127.11787263728316
60.0,19.810610013036925
75.0,4.016854642568696
90.0,1.2886581982928245
105.0,0.5181920060624439
120.0,0.39717526365214884
135.0,0.0
150.0,
165.0,
