Time,HRRPUA
0.0,0.4637730857522108
15.0,0.6211759444836243
30.0,0.0
45.0,0.9341300725373759
60.0,1.0497350756545039
75.0,95.09700304380719
90.0,362.59390028098164
105.0,574.7720618957528
120.0,678.769228316643
135.0,727.5178935444952
150.0,835.5494540524952
165.0,1023.7761535981836
180.0,1172.4984225118787
195.0,1202.7179213848503
210.0,989.7627579840214
225.0,628.6449320861144
240.0,283.94478156607914
255.0,94.73128023045301
270.0,28.373260432249882
285.0,9.309677164672747
300.0,2.420685106096544
315.0,0.5515907721711377
330.0,0.0
345.0,0.12161026025814807
360.0,0.0
375.0,
390.0,
405.0,
420.0,
