Time,HRRPUA
0.0,1.6131918852976215
15.0,2.9322970243514543
30.0,84.05892900360706
45.0,311.0815611147516
60.0,478.25870059717147
75.0,469.87376860204336
90.0,431.149848758174
105.0,403.1607341882306
120.0,392.8241228526337
135.0,405.4812036652729
150.0,445.79887932754104
165.0,516.254545835156
180.0,570.978631745748
195.0,496.14940985814815
210.0,418.30255709660156
225.0,389.2729368764667
240.0,384.35629355358674
255.0,365.14271903352665
270.0,343.59251281136153
285.0,334.0430286670967
300.0,318.8280430358285
315.0,303.675336456028
330.0,292.1766636468876
345.0,279.61709592875945
360.0,268.8168500825031
375.0,253.59018233495703
390.0,237.30066987191793
405.0,221.11755276664675
420.0,204.98108476336427
435.0,190.50071185837052
450.0,178.20030966439285
465.0,166.26892413107996
480.0,155.4195709313413
495.0,145.55810843395508
510.0,136.80640312242292
525.0,127.02747255060245
540.0,119.79320157987526
555.0,112.42559339866574
570.0,105.92670570224215
585.0,100.75653842466888
600.0,96.18275295422262
615.0,91.45035350875709
630.0,86.92073863376618
645.0,83.74575758002854
660.0,79.25285221599219
675.0,75.62606673350359
690.0,74.13544670369019
705.0,72.01151791924843
720.0,68.4650221000287
735.0,
750.0,
765.0,
780.0,
795.0,
810.0,
825.0,
840.0,
855.0,
870.0,
885.0,
900.0,
915.0,
930.0,
945.0,
960.0,
975.0,
990.0,
1005.0,
1020.0,
1035.0,
1050.0,
1065.0,
1080.0,
1095.0,
1110.0,
1125.0,
1140.0,
