Time,HRRPUA
0.0,15.425623746426638
15.0,638.1345672129581
30.0,921.3832807291761
45.0,59.5597083074698
60.0,7.975855731467334
75.0,3.4697131723428427
90.0,0.9562049981264688
105.0,0.11972837256898698
120.0,0.0
135.0,0.0
150.0,
165.0,
180.0,
