Time,HRRPUA
0.0,2.0825129289618363
15.0,1.8615424354262118
30.0,29.89211634504187
45.0,307.0010805159523
60.0,739.148325530814
75.0,1428.3521224751241
90.0,2074.105604253583
105.0,2562.044585753791
120.0,2316.156743267342
135.0,439.6380259147361
150.0,35.577643131511465
165.0,8.678398338677363
180.0,3.1550134349324312
195.0,1.087619948957549
210.0,0.0
225.0,0.0
240.0,
255.0,
