Time,HRRPUA
0.0,1.197076501156043
15.0,39.75387445966076
30.0,537.9924086081382
45.0,774.4050099069815
60.0,215.12147485199714
75.0,46.392116400172426
90.0,40.40650755602454
105.0,37.485804243185214
120.0,35.58784301805001
135.0,33.458195060634374
150.0,32.15333853955119
165.0,30.77458638465804
180.0,
195.0,
