Time,HRRPUA
0.0,0.0
15.0,0.7641612612092389
30.0,1.2468378477020081
45.0,4.058245800230126
60.0,2.786675300257438
75.0,2.2765110558289368
90.0,2.067097828617693
105.0,1.6161886078818481
120.0,2.134597187444831
135.0,1.5908531644898396
150.0,1.5021248990558584
165.0,0.0511604666863111
180.0,0.5736438419367316
195.0,0.13906840435068654
210.0,24.37741364491056
225.0,34.236661158072664
240.0,10.454272125212347
255.0,12.035155354986623
270.0,29.72735268959931
285.0,20.781724311543524
300.0,5.3350361571752
315.0,0.0
330.0,20.627545563393248
345.0,26.818484757436185
360.0,
375.0,
390.0,
405.0,
420.0,
435.0,
450.0,
465.0,
480.0,
495.0,
510.0,
525.0,
540.0,
555.0,
570.0,
585.0,
600.0,
615.0,
630.0,
645.0,
660.0,
675.0,
690.0,
705.0,
720.0,
735.0,
750.0,
765.0,
780.0,
795.0,
810.0,
825.0,
840.0,
