Time,HRRPUA
0.0,0.14765267555449504
15.0,0.490074145700161
30.0,63.67950594137181
45.0,102.45408691104483
60.0,30.131651041053534
75.0,25.445507730171485
90.0,21.237100357252825
105.0,17.042228586243187
120.0,7.463983901971569
135.0,1.6874968351476596
150.0,
165.0,
180.0,
