Time,HRRPUA
0.0,4.964015508733073
15.0,2.8615722001361963
30.0,0.0
45.0,0.0
60.0,0.0
75.0,0.0
90.0,0.0
105.0,0.0
120.0,0.0
135.0,0.0
150.0,41.061844044315926
165.0,253.8367702784752
180.0,464.2536643546836
195.0,374.39858772980205
210.0,242.8895900212236
225.0,114.22395767748215
240.0,27.206866024403695
255.0,5.193295677916124
270.0,0.0
285.0,0.0
300.0,0.0
315.0,0.0
330.0,0.0
345.0,0.0
360.0,
375.0,
390.0,
405.0,
