Time,HRRPUA
0.0,0.41714738261988665
15.0,0.0
30.0,0.032308681859127684
45.0,179.46933617435093
60.0,306.65087888877486
75.0,82.04836868355854
90.0,38.70019740951735
105.0,29.367207681930775
120.0,22.809026229373046
135.0,15.237713442535545
150.0,10.822545420647586
165.0,7.379207469207476
180.0,5.702575583482305
195.0,4.192783823251758
210.0,3.87234977941707
225.0,
240.0,
255.0,
270.0,
