Time,HRRPUA
0.0,0.7639900320784483
15.0,130.2187552837082
30.0,366.3308806583125
45.0,1035.0263260838872
60.0,776.2095798999915
75.0,138.49700416399972
90.0,40.39115140477293
105.0,31.64474660574891
120.0,29.21241264491924
135.0,28.006609624201882
150.0,26.66563634540646
165.0,24.271123239694976
180.0,
195.0,
210.0,
