Time,HRRPUA
0.0,23.09876865410582
15.0,330.0188860470274
30.0,977.9711566746428
45.0,394.7921072205841
60.0,70.42088755323341
75.0,26.157548648180683
90.0,12.078700741616975
105.0,5.925397356798985
120.0,2.2374284134793245
135.0,0.4889820997986341
150.0,
165.0,
180.0,
