Time,HRRPUA
0.0,1.0355035811401831
15.0,16.152382206562873
30.0,380.7807536179453
45.0,301.5406846104652
60.0,67.71377511096738
75.0,25.331414772251804
90.0,17.71649586278363
105.0,15.548510934876349
120.0,13.414468410653122
135.0,11.733061976267756
150.0,10.566678103917925
165.0,
180.0,
195.0,
