Time,HRRPUA
0.0,4.594685315170673
15.0,416.2094532140483
30.0,891.013274624895
45.0,423.5341499502681
60.0,151.2978121086065
75.0,67.43423408201751
90.0,38.47543924713366
105.0,32.2610539932432
120.0,28.454966689853077
135.0,23.67303176652709
150.0,19.692083108236712
165.0,15.664694555437379
180.0,11.793814558784035
195.0,7.5050269545330295
210.0,5.755076103932325
225.0,4.073873373147602
240.0,1.930171227814192
255.0,1.7855664002177818
270.0,0.8261261927636839
285.0,1.1641089913511458
300.0,0.25746776378931147
315.0,0.0
330.0,0.0
345.0,
360.0,
375.0,
390.0,
405.0,
420.0,
435.0,
450.0,
