Time,HRRPUA
0.0,0.0
15.0,0.8295875355251012
30.0,50.57587354880019
45.0,68.38608264088535
60.0,25.25532565466004
75.0,12.433486294774177
90.0,10.430374264222799
105.0,9.864071329607771
120.0,15.03389337116193
135.0,24.996811003039426
150.0,27.471651158063104
165.0,24.09355747120169
180.0,24.264331241686044
195.0,24.34574608704321
210.0,22.263779381536956
225.0,20.80024014374124
240.0,20.238420865570205
255.0,19.115538962472804
270.0,18.960487453731616
285.0,14.743569798792766
300.0,13.596972953687544
315.0,13.119501135151724
330.0,11.913980594310223
345.0,12.387478084184552
360.0,9.03427427894807
375.0,7.567736959425696
390.0,6.694370828559523
405.0,4.339273507274806
420.0,3.8924622133787565
435.0,5.940556585839993
450.0,8.492471842333178
465.0,10.700891286605842
480.0,12.79622266834749
495.0,13.427099126839929
510.0,14.958991010337233
525.0,16.50528333484933
540.0,17.586845011035592
555.0,29.17602176019868
570.0,38.33478486662047
585.0,51.36770373648326
600.0,55.042853738285274
615.0,55.915651250890846
630.0,54.170944973819516
645.0,54.229911914703976
660.0,54.736078688087346
675.0,57.26314154414855
690.0,59.1992563024539
705.0,59.955414194571894
720.0,62.60989925023421
735.0,62.928031136713
750.0,61.06398367035655
765.0,56.41940705044348
780.0,51.60768199960077
795.0,49.965215676310955
810.0,48.30035323996309
825.0,47.013323511838365
840.0,45.653734382234205
855.0,43.08790574297438
870.0,39.92280494767513
885.0,37.04529998147748
900.0,36.96520298892615
915.0,35.12742988990633
930.0,32.45282954180982
945.0,32.10773096874854
960.0,28.56859553217391
975.0,25.831548299681604
990.0,23.823954889472013
1005.0,22.799411621111975
1020.0,20.995027775974425
1035.0,20.65414751200109
1050.0,18.868857979788167
1065.0,16.44426436303077
1080.0,15.715211765751771
1095.0,
1110.0,
1125.0,
1140.0,
1155.0,
1170.0,
1185.0,
1200.0,
1215.0,
1230.0,
1245.0,
1260.0,
1275.0,
1290.0,
1305.0,
1320.0,
1335.0,
1350.0,
1365.0,
1380.0,
1395.0,
1410.0,
1425.0,
1440.0,
