Time,HRRPUA
0.0,2.682431176969152
15.0,4.141656590202097
30.0,84.37732148801167
45.0,392.1361844595701
60.0,1003.7725105117779
75.0,1797.7803797828071
90.0,2325.305940812236
105.0,2489.8186969952403
120.0,1445.6326756525905
135.0,127.30815817569426
150.0,35.51887669546571
165.0,21.349168748851174
180.0,14.631593935157852
195.0,6.448538652002521
210.0,4.335230299309349
225.0,
240.0,
255.0,
