Time,HRRPUA
0.0,3.2826930580513642
15.0,7.739835271244853
30.0,19.37923639475059
45.0,398.6052274502317
60.0,336.3397416582321
75.0,138.56770212966885
90.0,75.57105569450287
105.0,47.98225290694135
120.0,44.61674024559096
135.0,40.891753887774485
150.0,34.72948012878997
165.0,31.17781009333037
180.0,24.714850760832224
195.0,17.093679334245774
210.0,
225.0,
240.0,
255.0,
270.0,
