Time,HRRPUA
0.0,0.88829399898097
15.0,2.302778148873897
30.0,0.0
45.0,0.0
60.0,0.3844080961365128
75.0,0.9377957763619893
90.0,0.0
105.0,0.9144895414931006
120.0,409.6475575344005
135.0,609.9648940471328
150.0,614.084364031318
165.0,647.7250433517394
180.0,683.7652638111468
195.0,744.2503671697713
210.0,826.5948407516977
225.0,876.5076257802912
240.0,879.4608835730697
255.0,772.0839763295611
270.0,557.7813657783789
285.0,132.5867441725106
300.0,9.596446655232851
315.0,2.541592989920428
330.0,1.2790922647738874
345.0,0.32053040617110323
360.0,0.3997185819371057
375.0,0.14294597353065372
390.0,
405.0,
420.0,
