Time,HRRPUA
0.0,6.915775966541528
15.0,71.57367561975678
30.0,88.68155676333303
45.0,82.66240173658922
60.0,76.8382203844984
75.0,66.46972188010523
90.0,51.56914885582037
105.0,42.48008926862489
120.0,35.61695614040718
135.0,33.10816776244123
150.0,29.659220610808358
165.0,27.316840136326913
180.0,25.088950558553563
195.0,21.9803767345749
210.0,
225.0,
240.0,
255.0,
270.0,
285.0,
