Time,HRRPUA
0.0,2.318851562984914
15.0,0.8695376384320198
30.0,1.4072010771001677
45.0,244.0226991087355
60.0,658.5012547887455
75.0,672.8403732251696
90.0,655.3851815691856
105.0,659.2942260107958
120.0,655.1811284329
135.0,598.0954639313527
150.0,591.509715779228
165.0,531.582273895902
180.0,531.5116654871659
195.0,567.8967481530937
210.0,574.0279895348573
225.0,566.0134057057943
240.0,623.3561191129787
255.0,736.4144453839299
270.0,646.7600586639886
285.0,513.4216530445345
300.0,369.32797623433027
315.0,273.5683285677435
330.0,201.63788711040385
345.0,124.56616259016374
360.0,82.79830330969169
375.0,71.34087217520748
390.0,66.4752069510835
405.0,62.07862025416275
420.0,58.35054364277832
435.0,55.45196307367471
450.0,52.99234085603035
465.0,
480.0,
495.0,
510.0,
