Time,HRRPUA
0.0,1.1518599415391875
15.0,0.0
30.0,72.42057239637695
45.0,389.46548156055604
60.0,621.7279728041696
75.0,357.2212515757651
90.0,48.88473954320214
105.0,28.985550606216503
120.0,31.088495533955157
135.0,32.52851783715825
150.0,31.06720146895302
165.0,28.824854533487315
180.0,28.21565882057357
195.0,
210.0,
225.0,
