Time,HRRPUA
0.0,2.405467982256275
15.0,2.7067467839016377
30.0,0.9055820661954709
45.0,1.7797935837984762
60.0,0.9431093624384028
75.0,0.3693427927176687
90.0,0.0
105.0,23.06839120367205
120.0,174.30384169307496
135.0,378.84855120632386
150.0,425.91495215369395
165.0,436.040243932274
180.0,439.38417535619647
195.0,447.68543321867423
210.0,458.04791525104747
225.0,462.0440074470665
240.0,476.2538562741138
255.0,490.4808270122661
270.0,499.0842003307276
285.0,509.03631473732935
300.0,522.3626693301239
315.0,531.9962608891947
330.0,543.1404197676218
345.0,556.7705839702571
360.0,574.0834888071993
375.0,579.9339365354201
390.0,592.0164653183349
405.0,603.9381861446952
420.0,617.2050898672057
435.0,627.412928866428
450.0,640.7352908745194
465.0,653.0366906189784
480.0,667.8384078890447
495.0,683.5311888802454
510.0,693.4007507331538
525.0,705.042675573214
540.0,713.9427666366253
555.0,732.6316199820843
570.0,733.5525818039132
585.0,723.6473683873025
600.0,678.9322094630622
615.0,607.4367188559472
630.0,406.20936430915503
645.0,168.18445407791165
660.0,67.31189152942896
675.0,16.849498882341187
690.0,4.034250719181047
705.0,0.0
720.0,0.0
735.0,0.0
750.0,
765.0,
780.0,
795.0,
810.0,
825.0,
