Time,HRRPUA
0.0,2.2463286834634335
15.0,12.752149402954041
30.0,365.42073606752547
45.0,845.4866971622463
60.0,1385.7754250819162
75.0,2120.5663884287164
90.0,2516.777600458375
105.0,2166.8303234184937
120.0,362.2634767835826
135.0,34.12008385277233
150.0,16.74741575425648
165.0,7.9409594101674585
180.0,5.761980784594944
195.0,4.0051663738338075
210.0,3.299372868101564
225.0,
240.0,
255.0,
