Time,HRRPUA
0.0,0.0
15.0,0.0
30.0,40.64569985503337
45.0,467.5817873420963
60.0,758.1184339927795
75.0,968.7992957468183
90.0,1161.8769903257628
105.0,1240.2516447972605
120.0,1121.5995221728938
135.0,796.3065078931731
150.0,265.27437912156705
165.0,16.246997440665776
180.0,1.0817620276136346
195.0,0.0
210.0,0.0
225.0,0.0
240.0,0.0
255.0,0.0
270.0,
285.0,
