Time,HRRPUA
0.0,44.8904875756092
15.0,444.635775414179
30.0,1046.9599160733792
45.0,161.62336762260793
60.0,21.360031497908626
75.0,7.7640366648772785
90.0,3.326652694671417
105.0,0.9380247987042698
120.0,0.0
135.0,0.0
150.0,0.0
165.0,
180.0,
195.0,
