Time,HRRPUA
0.0,1.3685556335817053
15.0,74.80353058188064
30.0,244.2420278447347
45.0,165.5839263362711
60.0,121.00467339830199
75.0,87.07734817769587
90.0,59.724616485780096
105.0,43.84095061730258
120.0,32.72897875379978
135.0,27.55561999749999
150.0,25.81708772636247
165.0,24.58419398982177
180.0,23.76268452784467
195.0,22.189985171142965
210.0,
225.0,
240.0,
255.0,
