Time,HRRPUA
0.0,0.9246372195247973
15.0,32.90313516520277
30.0,603.6396563747747
45.0,945.3805802443048
60.0,1210.4355174093232
75.0,1429.6582416209328
90.0,1499.1818568616425
105.0,1033.568988501035
120.0,205.0973628642433
135.0,30.953527093084983
150.0,9.808344549840472
165.0,3.034116111360177
180.0,1.796927013138844
195.0,0.12757619451131777
210.0,0.0
225.0,
240.0,
