Time,HRRPUA
0.0,2.9703592545058997
15.0,851.9194697522958
30.0,260.6159953034853
45.0,86.63935040909776
60.0,63.3913044864186
75.0,55.7548820403563
90.0,50.45826310745727
105.0,40.2497747683173
120.0,30.03435914001777
135.0,22.810736479603236
150.0,16.313805350207435
165.0,11.73665360996556
180.0,8.58293432347157
195.0,7.130246457078115
210.0,5.635221243051771
225.0,5.7693361751403
240.0,
255.0,
270.0,
285.0,
300.0,
