Time,HRRPUA
0.0,3.693429344114314
15.0,3.2508378559651887
30.0,1.7547024179601547
45.0,0.0
60.0,0.0
75.0,1.6550995508652602
90.0,29.142020846222447
105.0,100.1417804461164
120.0,132.58097798222636
135.0,195.32494841557707
150.0,223.11338035063113
165.0,191.42363267052414
180.0,141.82563566241143
195.0,105.39798231907143
210.0,74.3847267395271
225.0,51.65926171741083
240.0,37.21812534885128
255.0,25.679186927156824
270.0,20.542039669990384
285.0,18.903009423171756
300.0,15.809465071494712
315.0,13.05678820374704
330.0,11.719821223375027
345.0,10.42430535816023
360.0,10.663262164024177
375.0,10.240387057566862
390.0,
405.0,
420.0,
435.0,
450.0,
465.0,
480.0,
495.0,
510.0,
525.0,
540.0,
555.0,
570.0,
585.0,
600.0,
615.0,
630.0,
645.0,
660.0,
675.0,
