Time,HRRPUA
0.0,0.003942872374244612
15.0,0.039098762138395124
30.0,1.348237411945033
45.0,124.23738904306963
60.0,226.56126413832803
75.0,161.46615374426023
90.0,73.84698525883782
105.0,29.95254188343266
120.0,16.576995678985423
135.0,11.886551599266946
150.0,8.37264900996451
165.0,4.8786680541935565
180.0,2.594080730976464
195.0,1.3435885548600979
210.0,0.08027822071977116
225.0,
240.0,
