Time,HRRPUA
0.0,0.3829877340024151
15.0,0.0
30.0,19.114683390466165
45.0,533.7473181529269
60.0,756.0271275770864
75.0,788.3350110898758
90.0,532.7510352498947
105.0,187.74359662034945
120.0,57.145783484078294
135.0,39.00420136940502
150.0,34.95319390165485
165.0,31.661827130340242
180.0,28.810421160664927
195.0,25.762603638574138
210.0,22.199506436166583
225.0,
240.0,
255.0,
270.0,
285.0,
300.0,
315.0,
330.0,
