Time,HRRPUA
0.0,0.8200364703358082
15.0,0.0
30.0,0.47742656829645624
45.0,0.0
60.0,0.0
75.0,0.0
90.0,0.6283832978444154
105.0,1.511549855693012
120.0,2.4122650686817906
135.0,1.2715569787332643
150.0,0.11093671367960452
165.0,0.7610525986626667
180.0,0.0
195.0,0.32605704112865325
210.0,0.26623225166284636
225.0,0.7851599121180376
240.0,0.0
255.0,0.0
270.0,0.02970283956628868
285.0,0.0
300.0,0.06806395667195668
315.0,0.3459328069743341
330.0,7.201634207515904
345.0,92.90651729526485
360.0,122.80533448288891
375.0,97.44519284616501
390.0,46.242997044331254
405.0,99.34648308860484
420.0,34.16191138733203
435.0,7.361893476764774
450.0,1.641226310700552
465.0,0.9608381390272028
480.0,0.02407753212554431
495.0,0.19227537245032492
510.0,
525.0,
540.0,
555.0,
570.0,
585.0,
