Time,HRRPUA
0.0,15.68694057607011
15.0,1014.6475276855158
30.0,1056.3307669719188
45.0,352.653929209303
60.0,174.9276398072469
75.0,146.24771144843834
90.0,124.81953455770552
105.0,96.07793807904464
120.0,75.00635057048756
135.0,61.937451665675034
150.0,55.96884349075946
165.0,52.99716060332344
180.0,53.146594921912204
195.0,52.161440397396866
210.0,51.630538818729285
225.0,50.96028003790523
240.0,51.08670151110528
255.0,50.00401044536347
270.0,
285.0,
