Time,HRRPUA
0.0,0.1738322114805743
15.0,15.81357784874802
30.0,703.9175767644048
45.0,1020.7163531391358
60.0,832.386344947341
75.0,174.9724357438971
90.0,48.223609535093864
105.0,42.829391509055405
120.0,39.09951752080571
135.0,33.87775675135139
150.0,28.943414647774393
165.0,24.557951237465335
180.0,17.814704904376757
195.0,
210.0,
