Time,HRRPUA
0.0,3.4857292481862223
15.0,177.5150138582994
30.0,891.0844662816415
45.0,1124.1276592442102
60.0,1397.9173218024018
75.0,1761.4232319161763
90.0,1763.336764458105
105.0,288.9148075940852
120.0,41.98354932928881
135.0,16.084793941828774
150.0,9.253836614375635
165.0,6.835342817922737
180.0,5.125679896658462
195.0,4.979583081828445
210.0,
225.0,
240.0,
