Time,HRRPUA
0.0,2.2584877160457713
15.0,120.22342122764432
30.0,731.6333956970932
45.0,766.6676993472769
60.0,405.76817525073363
75.0,195.8916998158581
90.0,170.4560283334631
105.0,163.17742060075216
120.0,119.83969819032464
135.0,87.75477793429968
150.0,66.39502061959577
165.0,48.787359703022815
180.0,43.09912716129459
195.0,39.74665331795916
210.0,38.88937415126943
225.0,37.52942605861743
240.0,36.28090114930835
255.0,36.72079475808971
270.0,36.799353915650016
285.0,36.23767313686826
300.0,34.966922623530934
315.0,
330.0,
