Time,HRRPUA
0.0,2.3948954723747664
15.0,53.58180872560297
30.0,601.2107362958706
45.0,737.1133274066996
60.0,207.67364279416427
75.0,35.64099551448188
90.0,7.858792067523999
105.0,0.0
120.0,0.0
135.0,0.0
150.0,0.0
165.0,0.0
180.0,
195.0,
210.0,
225.0,
