Time,HRRPUA
0.0,0.0
163.35,0.0
181.5,2.8520731707317077
196.5,47.36228048780488
211.5,104.69432926829269
226.5,149.4875
241.5,146.62429268292686
256.5,136.247243902439
271.5,125.71359756097561
286.5,116.14818292682928
301.5,107.46625609756097
316.5,101.38846341463416
331.5,96.64258536585368
346.5,92.52691463414635
361.5,87.56646341463414
376.5,83.01009756097562
391.5,79.11324390243904
406.5,75.55198780487805
421.5,72.57976829268293
436.5,70.32565853658537
451.5,68.74401219512195
466.5,67.65523170731709
481.5,67.09220731707319
496.5,66.72023170731708
511.5,66.4219756097561
526.5,66.24853658536585
541.5,66.39895121951218
556.5,66.69513414634147
571.5,66.98015853658538
586.5,67.38291463414635
601.5,67.9374512195122
616.5,68.79778048780489
631.5,69.86553658536586
646.5,71.60501219512194
661.5,73.7686219512195
676.5,76.79243902439026
691.5,80.34703658536586
706.5,84.64718292682925
721.5,89.44056097560976
736.5,94.67946341463414
751.5,100.77971951219511
766.5,107.46457317073171
781.5,114.94567073170734
796.5,123.09935365853659
811.5,131.3146463414634
826.5,139.5008292682927
841.5,146.66007317073172
856.5,152.68236585365855
871.5,157.28012195121954
886.5,161.12253658536588
901.5,163.82768292682928
916.5,163.5039024390244
931.5,159.01618292682926
946.5,148.6124512195122
961.5,133.10043902439025
976.5,114.35076829268293
991.5,96.31963414634146
1006.5,80.91687804878049
1021.5,69.03784146341464
1036.5,60.58904878048781
1051.5,54.927134146341466
1066.5,50.581658536585365
1081.5,47.06634146341463
1096.5,43.98784146341463
1111.5,41.64523170731708
1126.5,39.54656097560975
1141.5,37.68547560975609
1156.5,35.884329268292674
1171.5,34.51825609756098
1186.5,33.50897560975611
1201.5,32.85357317073171
1216.5,32.26143902439025
1231.5,31.743499999999997
1246.5,31.30370731707317
1261.5,30.733487804878045
1276.5,30.27618292682927
1291.5,29.907890243902443
1306.5,29.62375609756097
1321.5,29.17741463414634
1336.5,28.876121951219517
1351.5,27.9794512195122
1366.5,22.96665853658537
1381.5,20.85808536585366
1396.5,15.397536585365856
1411.5,14.669463414634148
1426.5,14.669463414634148
1441.5,14.669463414634148
1456.5,14.669463414634148
1471.5,14.669463414634148
1486.5,14.669463414634148
1501.5,14.669463414634148
1516.5,14.669463414634148
1531.5,14.669463414634148
1546.5,14.669463414634148
1561.5,14.669463414634148
1576.5,14.669463414634148
