Time,HRRPUA
0.0,0.0
5.4,0.0
6.0,0.422609756097561
21.0,0.5617073170731708
36.0,0.5616585365853659
51.0,0.23558536585365858
66.0,0.16526829268292687
81.0,0.15153658536585363
96.0,0.16490243902439028
111.0,0.1789024390243903
126.0,0.20712195121951227
141.0,0.2705609756097561
156.0,0.29256097560975614
171.0,0.3882926829268294
186.0,0.5074634146341463
201.0,0.5836829268292684
216.0,0.7215365853658539
231.0,0.75009756097561
246.0,0.893829268292683
261.0,1.0059756097560977
276.0,1.0487560975609758
291.0,1.0713902439024392
306.0,1.0500975609756098
321.0,1.2237317073170733
336.0,1.817048780487805
351.0,2.618829268292683
366.0,3.4404390243902445
381.0,4.6131219512195125
396.0,6.909780487804879
411.0,10.546
426.0,15.821536585365852
441.0,21.77636585365854
456.0,27.14409756097561
471.0,29.609707317073177
486.0,28.298195121951217
501.0,24.040853658536587
516.0,18.605853658536578
531.0,14.191439024390244
546.0,11.165975609756096
561.0,9.377658536585367
576.0,8.144243902439024
591.0,7.0198780487804875
606.0,6.131609756097561
621.0,5.493682926829268
636.0,5.500609756097562
651.0,5.555414634146344
666.0,5.699487804878048
681.0,6.320878048780489
696.0,7.201780487804879
711.0,8.364951219512195
726.0,10.306219512195122
741.0,13.434365853658536
756.0,18.041609756097557
771.0,23.637902439024394
786.0,31.2329512195122
801.0,38.99473170731708
816.0,45.89153658536586
831.0,49.8931951219512
846.0,52.765878048780486
861.0,55.26787804878048
876.0,57.420878048780494
891.0,57.26341463414635
906.0,54.80778048780488
921.0,52.17363414634146
936.0,50.21382926829268
951.0,48.00843902439024
966.0,43.85470731707317
981.0,38.144804878048774
996.0,32.27787804878048
1011.0,26.74380487804878
1026.0,21.43775609756098
1041.0,17.01578048780488
1056.0,14.652536585365857
1071.0,14.02409756097561
1086.0,13.946121951219515
1101.0,13.913780487804878
1116.0,13.990365853658535
1131.0,14.276365853658538
1146.0,14.605804878048781
1161.0,14.750414634146342
1176.0,14.84387804878049
1191.0,14.945121951219512
1206.0,10.63880487804878
1221.0,7.71839024390244
