Time,HRRPUA
0.0,0.0
22.5,0.0
25.0,4.6789146341463415
40.0,58.93237804878049
55.0,124.14264634146343
70.0,167.68810975609756
85.0,158.8473292682927
100.0,146.0925487804878
115.0,135.5475487804878
130.0,124.54596341463414
145.0,117.50607317073171
160.0,112.8019268292683
175.0,107.89576829268293
190.0,104.15829268292681
205.0,102.10546341463416
220.0,101.22063414634147
235.0,100.45476829268293
250.0,100.26795121951218
265.0,100.41682926829269
280.0,100.2869024390244
295.0,99.51278048780489
310.0,98.84164634146342
325.0,98.0153048780488
340.0,97.24173170731707
355.0,96.13978048780487
370.0,94.5260487804878
385.0,92.7819756097561
400.0,91.03320731707316
415.0,89.54837804878048
430.0,88.27119512195122
445.0,87.22909756097562
460.0,86.5088780487805
475.0,86.0804024390244
490.0,85.48375609756098
505.0,85.069743902439
520.0,84.92253658536586
535.0,84.78937804878049
550.0,84.95858536585365
565.0,85.73358536585366
580.0,87.47963414634147
595.0,89.44120731707318
610.0,91.56941463414634
625.0,94.1775731707317
640.0,97.04750000000001
655.0,100.74171951219512
670.0,104.916
685.0,110.101
700.0,115.91406097560977
715.0,123.06070731707318
730.0,130.52202439024393
745.0,138.4954756097561
760.0,147.42392682926834
775.0,157.38509756097562
790.0,168.47837804878048
805.0,179.3034024390244
820.0,189.16645121951223
835.0,196.9395365853659
850.0,201.05413414634148
865.0,202.8669756097561
880.0,202.85519512195123
895.0,202.7243048780488
910.0,199.81486585365855
925.0,194.38914634146346
940.0,185.1166585365854
955.0,173.0506707317073
970.0,157.79358536585366
985.0,140.69384146341463
1000.0,123.01948780487805
1015.0,105.43569512195124
1030.0,89.39278048780488
1045.0,74.8826219512195
1060.0,62.9880487804878
1075.0,53.2509512195122
1090.0,46.93973170731708
1105.0,42.597670731707325
1120.0,39.6755
1135.0,37.85529268292683
1150.0,36.77174390243902
1165.0,35.97048780487805
1180.0,35.39908536585366
1195.0,34.718585365853656
1210.0,34.06253658536586
1225.0,33.49167073170732
1240.0,33.062512195121954
1255.0,32.76456097560976
1270.0,32.58315853658537
1285.0,32.43014634146342
1300.0,32.32328048780488
1315.0,32.117512195121954
1330.0,31.83180487804878
1345.0,31.61260975609756
1360.0,31.511609756097563
1375.0,31.517073170731706
1390.0,31.33759756097561
1405.0,31.060634146341464
1420.0,30.958182926829267
1435.0,26.032060975609753
1450.0,17.54619512195122
1465.0,15.77068292682927
1480.0,15.77068292682927
