Time,HRRPUA
0.0,0.0
9.9,0.0
11.0,4.029524390243902
26.0,64.13808536585366
41.0,144.70971951219514
56.0,203.49474390243907
71.0,196.46158536585364
86.0,178.55158536585367
101.0,171.1961219512195
116.0,170.8524512195122
131.0,174.59334146341465
146.0,182.57884146341462
161.0,194.7122804878049
176.0,210.73086585365854
191.0,232.99537804878048
206.0,265.17025609756104
221.0,309.6426585365854
236.0,365.2044634146341
251.0,420.4273292682927
266.0,436.39146341463413
281.0,377.82508536585374
296.0,254.45381707317074
311.0,143.19465853658537
326.0,83.8019268292683
341.0,64.47835365853658
356.0,55.34524390243904
371.0,50.642097560975614
386.0,47.931256097560976
401.0,46.180121951219505
416.0,44.790878048780485
431.0,43.7859512195122
446.0,42.85885365853659
461.0,42.15752439024391
476.0,41.452085365853655
491.0,40.73379268292683
506.0,39.967292682926825
521.0,39.42019512195122
536.0,39.04456097560976
551.0,38.69814634146343
566.0,38.34887804878049
581.0,38.01193902439026
596.0,37.75042682926831
611.0,37.59454878048781
626.0,37.45747560975611
641.0,37.3399024390244
656.0,37.2418536585366
671.0,37.10963414634148
686.0,36.90730487804879
701.0,36.67741463414635
716.0,36.47200000000001
731.0,36.30507317073172
746.0,36.17614634146343
761.0,31.883182926829278
776.0,19.439670731707317
791.0,18.44428048780488
