Time,HRRPUA
0.0,0.0
19.35,0.0
21.5,3.648158536585366
36.5,59.071975609756095
51.5,132.35237804878048
66.5,193.63049999999998
81.5,200.93234146341464
96.5,194.9434634146342
111.5,184.40353658536586
126.5,171.7588780487805
141.5,161.18378048780494
156.5,152.25370731707318
171.5,143.90065853658535
186.5,137.3336097560976
201.5,132.61609756097562
216.5,128.07553658536585
231.5,124.1660243902439
246.5,120.90514634146342
261.5,118.51040243902438
276.5,116.87574390243903
291.5,115.49702439024391
306.5,114.91098780487806
321.5,115.30036585365855
336.5,116.49176829268292
351.5,118.36565853658537
366.5,121.06237804878049
381.5,125.27789024390245
396.5,131.30589024390244
411.5,139.19184146341465
426.5,150.10862195121953
441.5,164.47780487804874
456.5,181.92031707317076
471.5,200.60675609756098
486.5,217.77226829268295
501.5,230.26942682926824
516.5,236.42845121951223
531.5,234.9206585365854
546.5,225.48374390243902
561.5,206.75576829268294
576.5,179.34559756097562
591.5,150.1073292682927
606.5,126.56239024390246
621.5,107.66114634146342
636.5,89.19184146341463
651.5,71.9479512195122
666.5,59.97129268292683
681.5,54.537853658536584
696.5,51.97895121951219
711.5,50.5350243902439
726.5,49.66612195121952
741.5,49.26532926829269
756.5,48.98252439024391
771.5,48.46571951219512
786.5,47.83263414634146
801.5,47.10331707317074
816.5,46.743743902439036
831.5,46.47310975609757
846.5,46.291768292682946
861.5,46.06093902439026
876.5,45.848609756097574
891.5,45.68476829268294
906.5,45.518914634146356
921.5,40.49656097560977
936.5,32.72263414634148
951.5,24.351170731707313
966.5,23.2349756097561
