Time,HRRPUA
0.0,0.0
46.800000000000004,0.0
52.0,29.5
65.61111111111111,37.3
79.22222222222223,31.6
92.83333333333333,27.1
106.44444444444444,36.6
120.05555555555556,52.5
133.66666666666666,64.4
147.27777777777777,68.3
160.88888888888889,66.8
174.5,63.4
188.11111111111111,60.5
201.72222222222223,57.1
215.33333333333331,53.7
228.94444444444443,50.8
242.55555555555554,49.2
256.16666666666663,48.4
269.77777777777777,47.6
283.3888888888889,47.0
297.0,47.6
310.6111111111111,50.0
324.22222222222223,53.4
337.8333333333333,57.0
351.44444444444446,60.0
365.05555555555554,62.7
378.66666666666663,66.9
392.27777777777777,77.0
405.88888888888886,97.2
419.5,118.7
433.1111111111111,131.6
446.72222222222223,125.7
460.3333333333333,111.0
473.94444444444446,91.8
487.55555555555554,75.3
501.16666666666663,60.7
514.7777777777778,50.0
528.3888888888889,42.9
542.0,37.8
555.6111111111111,34.6
569.2222222222222,32.2
582.8333333333334,30.6
596.4444444444445,29.3
610.0555555555555,28.5
623.6666666666666,27.7
637.2777777777777,26.9
650.8888888888889,26.1
664.5,25.3
678.1111111111111,25.0
691.7222222222222,24.5
705.3333333333333,24.1
718.9444444444445,17.4
732.5555555555555,12.1
746.1666666666666,12.1
759.7777777777777,12.1
773.3888888888889,12.1
787.0,12.1
