Time,HRRPUA
0.0,0.0
24.75,0.0
27.5,3.8545121951219516
42.5,38.433109756097565
57.5,98.76070731707318
72.5,148.93404878048779
87.5,162.01557317073173
102.5,153.09034146341463
117.5,146.22403658536587
132.5,145.409012195122
147.5,149.58996341463416
162.5,153.71376829268291
177.5,155.30691463414632
192.5,160.4989024390244
207.5,173.87953658536588
222.5,192.85667073170734
237.5,217.0301097560976
252.5,246.19153658536584
267.5,281.98535365853655
282.5,335.1111463414634
297.5,405.09160975609745
312.5,441.28457317073173
327.5,379.29876829268295
342.5,249.6121463414634
357.5,137.65584146341467
372.5,86.99625609756097
387.5,68.43485365853658
402.5,59.31107317073172
417.5,54.1910243902439
432.5,51.13087804878049
447.5,49.02443902439025
462.5,47.46659756097561
477.5,46.3125243902439
492.5,45.316975609756106
507.5,44.545036585365864
522.5,43.68923170731707
537.5,43.15959756097561
552.5,42.53241463414635
567.5,41.83407317073171
582.5,41.12896341463415
597.5,40.764097560975614
612.5,40.571439024390244
627.5,40.266000000000005
642.5,39.842963414634156
657.5,39.43086585365853
672.5,38.99109756097562
687.5,38.65841463414634
702.5,38.294914634146345
717.5,37.81321951219512
732.5,37.19947560975611
747.5,36.76470731707317
762.5,36.29184146341463
777.5,35.811987804878044
792.5,35.471963414634146
807.5,35.260231707317075
822.5,34.92387804878048
837.5,34.36945121951219
852.5,33.78763414634146
867.5,33.29091463414634
882.5,33.004207317073174
897.5,32.81974390243903
912.5,32.622
927.5,32.24829268292683
942.5,31.971914634146344
957.5,31.304097560975617
972.5,22.564402439024395
987.5,16.13276829268293
1002.5,16.13276829268293
1017.5,16.13276829268293
