Time,HRRPUA
0.0,0.0
63.0,0.0
70.0,3.7639756097560975
85.0,49.352890243902436
100.0,103.51282926829268
115.0,140.1083414634146
130.0,133.22735365853657
145.0,124.7651463414634
160.0,121.95781707317073
175.0,121.89582926829269
190.0,123.17360975609758
205.0,124.73257317073171
220.0,127.48651219512195
235.0,132.72879268292684
250.0,142.00280487804878
265.0,155.63848780487805
280.0,174.6339268292683
295.0,200.5127682926829
310.0,235.83554878048778
325.0,277.26500000000004
340.0,323.919243902439
355.0,369.054243902439
370.0,390.9578292682927
385.0,353.0000609756097
400.0,263.10764634146346
415.0,169.6322804878049
430.0,112.30389024390243
445.0,85.72691463414634
460.0,72.03298780487805
475.0,63.90847560975609
490.0,58.55754878048782
505.0,54.704804878048776
520.0,52.186939024390256
535.0,50.59531707317074
550.0,49.51331707317074
565.0,48.5869512195122
580.0,47.450890243902435
595.0,45.92837804878049
610.0,44.714134146341465
625.0,43.78990243902439
640.0,43.21393902439025
655.0,42.49125609756098
670.0,41.93262195121951
685.0,41.53325609756098
700.0,41.17007317073171
715.0,40.67401219512195
730.0,40.14676829268292
745.0,39.781146341463426
760.0,39.38863414634147
775.0,38.954560975609766
790.0,38.35475609756099
805.0,37.87912195121953
820.0,37.6264024390244
835.0,37.45767073170733
850.0,37.26057317073172
865.0,37.057109756097574
880.0,37.032707317073175
895.0,36.96271951219513
910.0,36.834646341463426
925.0,36.72278048780488
940.0,36.71103658536586
955.0,36.74471951219513
970.0,33.231341463414644
985.0,19.792475609756103
1000.0,18.895012195121954
1015.0,18.895012195121954
1030.0,18.895012195121954
1045.0,18.895012195121954
1060.0,18.895012195121954
