Time,HRRPUA
0.0,0.0
195.3,0.0
217.0,1.2687317073170732
232.0,23.330512195121955
247.0,76.36325609756098
262.0,126.72663414634148
277.0,145.09791463414635
292.0,135.3769512195122
307.0,122.29084146341462
322.0,109.80485365853656
337.0,99.96039024390245
352.0,91.49671951219511
367.0,83.37203658536586
382.0,76.61118292682929
397.0,71.12042682926828
412.0,67.0374268292683
427.0,64.45024390243903
442.0,62.958585365853665
457.0,62.170902439024395
472.0,61.02300000000001
487.0,59.94430487804878
502.0,59.071097560975616
517.0,59.06346341463415
532.0,60.13175609756098
547.0,62.0999512195122
562.0,64.67076829268292
577.0,67.83898780487804
592.0,71.54053658536586
607.0,75.8305
622.0,80.94786585365856
637.0,86.91928048780488
652.0,93.91970731707318
667.0,102.58131707317074
682.0,113.7706951219512
697.0,126.7131219512195
712.0,141.15391463414636
727.0,154.049
742.0,162.83856097560974
757.0,166.82898780487804
772.0,167.83228048780484
787.0,165.1977073170732
802.0,155.4181341463415
817.0,139.57037804878053
832.0,121.94797560975611
847.0,105.41442682926828
862.0,89.82543902439025
877.0,75.60624390243902
892.0,63.6684756097561
907.0,54.11695121951219
922.0,47.273731707317076
937.0,42.398012195121964
952.0,39.092231707317076
967.0,36.706743902439015
982.0,34.929853658536594
997.0,33.4484756097561
1012.0,32.24091463414634
1027.0,30.87053658536586
1042.0,29.476670731707316
1057.0,28.269512195121955
1072.0,27.46374390243902
1087.0,26.78279268292683
1102.0,26.157000000000004
1117.0,25.625426829268292
1132.0,25.19560975609756
1147.0,24.933378048780487
1162.0,24.72576829268293
1177.0,22.131926829268295
1192.0,20.08519512195122
1207.0,20.08519512195122
1222.0,20.08519512195122
1237.0,20.08519512195122
1252.0,17.058073170731706
1267.0,12.51739024390244
1282.0,12.51739024390244
1297.0,12.51739024390244
1312.0,12.51739024390244
1327.0,12.51739024390244
1342.0,12.51739024390244
1357.0,12.51739024390244
1372.0,12.51739024390244
1387.0,12.51739024390244
1402.0,12.51739024390244
1417.0,12.51739024390244
1432.0,12.51739024390244
1447.0,12.51739024390244
