Time,HRRPUA
0.0,0.0
235.35,0.0
261.5,1.0931829268292685
276.5,28.978963414634148
291.5,78.58028048780488
306.5,124.97010975609754
321.5,132.36467073170735
336.5,125.46530487804878
351.5,120.44006097560977
366.5,119.91625609756099
381.5,121.04814634146342
396.5,123.09085365853659
411.5,125.58846341463416
426.5,129.5069024390244
441.5,135.2476585365854
456.5,142.86058536585367
471.5,150.4432073170732
486.5,159.6431707317073
501.5,173.35029268292686
516.5,199.3628414634146
531.5,243.94859756097566
546.5,295.5918414634146
561.5,313.88736585365854
576.5,288.3669512195122
591.5,229.3773414634146
606.5,170.5818780487805
621.5,122.10241463414636
636.5,90.31815853658537
651.5,71.24264634146343
666.5,61.32668292682927
681.5,55.675243902439036
696.5,52.00230487804879
711.5,49.53841463414635
726.5,47.784182926829274
741.5,46.2059024390244
756.5,44.873768292682925
771.5,43.829829268292684
786.5,42.90073170731708
801.5,42.22831707317073
816.5,41.499756097560976
831.5,40.740987804878046
846.5,39.89551219512196
861.5,39.13679268292684
876.5,38.74170731707318
891.5,38.247085365853664
906.5,37.92968292682927
921.5,37.32721951219512
936.5,36.65270731707318
951.5,36.14126829268293
966.5,36.06913414634147
981.5,35.875085365853664
996.5,35.51439024390244
1011.5,35.06764634146342
1026.5,34.71428048780488
1041.5,32.14318292682927
1056.5,25.15579268292683
1071.5,19.80978048780488
1086.5,17.518951219512196
1101.5,17.518951219512196
1116.5,17.518951219512196
1131.5,17.518951219512196
1146.5,17.518951219512196
1161.5,17.518951219512196
1176.5,17.518951219512196
1191.5,17.518951219512196
1206.5,17.518951219512196
1221.5,17.518951219512196
1236.5,17.518951219512196
1251.5,17.518951219512196
1266.5,17.518951219512196
1281.5,17.518951219512196
1296.5,17.518951219512196
1311.5,17.518951219512196
1326.5,17.518951219512196
1341.5,17.518951219512196
