Time,HRRPUA
0.0,0.0
361.8,0.0
402.0,3.0130609756097564
417.0,17.127573170731708
432.0,32.258304878048776
447.0,41.7125243902439
462.0,44.39089024390245
477.0,47.48759756097561
492.0,52.06226829268292
507.0,59.3525
522.0,66.31800000000001
537.0,71.52332926829268
552.0,75.25458536585366
567.0,79.15192682926829
582.0,81.76179268292682
597.0,82.38447560975611
612.0,83.12178048780488
627.0,84.37141463414633
642.0,85.4905
657.0,84.5133780487805
672.0,80.39570731707317
687.0,73.42714634146341
702.0,64.54781707317075
717.0,55.839780487804866
732.0,47.54215853658536
747.0,40.0499268292683
762.0,33.64112195121951
777.0,28.515134146341467
792.0,24.874353658536588
807.0,21.864890243902437
822.0,19.33674390243902
837.0,17.407817073170733
852.0,16.09048780487805
867.0,15.28171951219512
882.0,14.700231707317071
897.0,14.426463414634146
912.0,14.327475609756098
927.0,14.243914634146341
942.0,11.76289024390244
957.0,10.095353658536586
972.0,10.074987804878049
987.0,10.045658536585368
1002.0,10.025256097560977
1017.0,9.989256097560979
1032.0,9.989256097560979
1047.0,9.558024390243904
1062.0,7.401865853658538
1077.0,7.114378048780489
1092.0,7.114378048780489
1107.0,7.114378048780489
1122.0,7.114378048780489
1137.0,7.114378048780489
1152.0,7.114378048780489
1167.0,7.114378048780489
1182.0,7.114378048780489
1197.0,7.114378048780489
1212.0,7.114378048780489
1227.0,7.114378048780489
1242.0,7.114378048780489
1257.0,7.114378048780489
1272.0,7.114378048780489
1287.0,7.114378048780489
1302.0,7.114378048780489
1317.0,7.114378048780489
1332.0,7.114378048780489
1347.0,7.114378048780489
1362.0,7.114378048780489
1377.0,7.114378048780489
1392.0,7.114378048780489
1407.0,7.114378048780489
1422.0,7.114378048780489
