Time,HRRPUA
0.0,0.0
55.800000000000004,0.0
62.0,1.5541463414634147
77.0,35.4279268292683
92.0,80.82775609756098
107.0,103.5888292682927
122.0,81.4739268292683
137.0,50.314634146341476
152.0,34.133
167.0,29.93758536585366
182.0,33.063658536585365
197.0,36.423682926829265
212.0,33.798317073170736
227.0,26.87619512195122
242.0,19.332146341463417
257.0,15.032341463414634
272.0,13.659731707317075
287.0,13.79336585365854
302.0,13.12029268292683
317.0,12.613658536585366
332.0,12.318463414634143
347.0,12.90880487804878
362.0,14.535317073170733
377.0,15.80548780487805
392.0,15.654756097560973
407.0,14.519097560975613
422.0,13.542853658536588
437.0,12.660853658536587
452.0,12.027390243902442
467.0,12.956658536585365
482.0,42.36356097560975
497.0,84.95119512195123
512.0,119.9168780487805
527.0,123.39565853658539
542.0,113.91256097560975
557.0,98.97156097560976
572.0,79.12529268292683
587.0,62.089292682926825
602.0,50.61053658536585
617.0,43.40180487804877
632.0,38.53587804878048
647.0,34.75068292682926
662.0,31.79087804878049
677.0,29.4969756097561
692.0,27.201780487804875
707.0,25.736487804878045
722.0,24.63914634146342
737.0,23.9450243902439
752.0,23.327634146341467
767.0,22.86026829268293
782.0,22.42231707317073
797.0,22.078902439024386
812.0,21.730487804878045
827.0,14.70009756097561
842.0,10.990146341463415
857.0,10.990146341463415
872.0,10.990146341463415
887.0,10.990146341463415
902.0,10.990146341463415
