Time,HRRPUA
0.0,0.0
30.6,0.0
34.0,4.001512195121951
49.0,71.36194308943091
64.0,144.8650243902439
79.0,180.15830081300814
94.0,142.58739837398375
109.0,111.79255284552846
124.0,94.64546341463415
139.0,81.18427642276424
154.0,72.74024390243902
169.0,70.858
184.0,72.69691869918701
199.0,75.57567479674798
214.0,77.21069918699186
229.0,78.02373983739837
244.0,76.99965853658536
259.0,74.51578861788619
274.0,72.41335772357725
289.0,72.25757723577237
304.0,72.08149593495935
319.0,73.10261788617888
334.0,73.81147154471545
349.0,74.6150406504065
364.0,78.5779756097561
379.0,82.43873170731707
394.0,85.36560975609756
409.0,87.28218699186993
424.0,90.94372357723579
439.0,97.68864227642278
454.0,107.73234959349595
469.0,116.30796747967482
484.0,124.653
499.0,130.60068292682925
514.0,133.47675609756098
529.0,132.7049918699187
544.0,128.00052032520324
559.0,117.81178048780487
574.0,104.16969105691055
589.0,87.67123577235772
604.0,71.92560162601626
619.0,56.56089430894309
634.0,45.58952845528455
649.0,40.49009756097561
664.0,37.97503252032521
679.0,36.36619512195122
694.0,34.69910569105691
709.0,33.4429918699187
724.0,32.46921951219513
739.0,31.792325203252034
754.0,31.59873983739837
769.0,32.10100813008129
784.0,32.54079674796748
799.0,32.69483739837398
814.0,32.61337398373983
829.0,32.38136585365853
844.0,27.99653658536585
859.0,17.255211382113817
874.0,16.45030894308943
889.0,16.45030894308943
904.0,16.45030894308943
