Time,HRRPUA
0.0,0.0
49.5,0.0
55.0,3.9474024390243905
70.0,51.13953658536585
85.0,108.85778048780489
100.0,151.87331707317074
115.0,149.4844512195122
130.0,140.09620731707315
145.0,131.54978048780487
160.0,124.61800000000002
175.0,117.94329268292682
190.0,111.49030487804879
205.0,105.9841463414634
220.0,100.98284146341464
235.0,96.76653658536587
250.0,93.19815853658537
265.0,90.17223170731708
280.0,87.20425609756097
295.0,84.91418292682926
310.0,83.50763414634146
325.0,82.83639024390243
340.0,82.66453658536585
355.0,83.11225609756099
370.0,83.87700000000001
385.0,85.16195121951219
400.0,87.45704878048781
415.0,91.55329268292684
430.0,98.05751219512196
445.0,107.00540243902441
460.0,118.16381707317075
475.0,130.07543902439025
490.0,142.85490243902439
505.0,157.30958536585368
520.0,174.76419512195122
535.0,194.6840731707317
550.0,215.0355609756098
565.0,230.45815853658536
580.0,233.898256097561
595.0,220.59232926829267
610.0,194.45939024390245
625.0,164.1863536585366
640.0,133.89671951219515
655.0,108.2844268292683
670.0,88.8774024390244
685.0,76.2951219512195
700.0,68.20669512195121
715.0,62.98809756097562
730.0,59.485975609756096
745.0,57.066158536585384
760.0,55.07460975609757
775.0,53.54350000000001
790.0,52.168536585365864
805.0,51.03447560975609
820.0,50.00071951219513
835.0,49.136024390243904
850.0,48.20413414634147
865.0,47.241292682926826
880.0,46.2599512195122
895.0,45.424268292682925
910.0,44.673878048780495
925.0,44.08631707317074
940.0,43.581658536585365
955.0,43.26113414634146
970.0,43.198219512195124
985.0,42.985317073170734
1000.0,42.73625609756097
1015.0,42.49128048780488
1030.0,42.40636585365854
1045.0,42.139231707317066
1060.0,41.81181707317073
1075.0,41.35634146341464
1090.0,41.02851219512195
1105.0,40.85609756097561
1120.0,40.69531707317074
1135.0,40.68680487804879
1150.0,40.614463414634145
1165.0,40.45123170731708
1180.0,40.2749512195122
1195.0,40.15497560975609
1210.0,39.996378048780485
1225.0,39.87743902439024
1240.0,39.71879268292683
1255.0,39.56046341463414
1270.0,32.41153658536586
1285.0,20.590317073170734
1300.0,20.162597560975613
1315.0,20.162597560975613
1330.0,20.162597560975613
1345.0,20.162597560975613
