Re,xs
19.9008,-0.00124552,
49.6685,0.416220,
99.8518,0.887344,
149.870,1.21662,
199.965,1.46104,
